1;61;4
1;33;4
1;20;4
1;47;4
1;17;3
1;64;5
1;31;3
1;70;3
1;60;5
1;27;2
1;56;4
1;6;5
1;49;3
1;72;4
1;51;4
1;12;5
1;14;5
1;44;5
1;53;3
1;10;3
1;54;3
1;24;3
1;39;4
1;36;2
1;23;4
1;73;3
1;67;3
1;65;4
1;62;3
1;69;3
1;38;3
1;9;5
1;22;4
1;21;1
1;68;4
1;2;3
1;30;3
1;63;2
1;32;5
1;40;3
1;8;1
1;1;5
1;34;2
1;26;3
1;37;2
1;71;3
1;46;4
1;41;2
1;66;4
1;57;5
1;50;5
1;5;3
1;11;2
1;35;1
1;16;5
1;45;5
1;0;5
1;25;4
1;4;3
1;55;5
1;42;5
1;7;4
1;43;4
1;58;4
1;3;4
1;0;5
1;29;1
1;18;4
1;59;5
1;15;5
1;52;4
1;0;5
1;28;4
2;50;5
2;13;4
2;19;3
2;1;4
2;14;4
2;0;4
2;10;2
4;50;5
4;11;4
5;2;3
5;17;4
5;1;4
5;62;4
5;24;4
5;42;5
5;40;4
5;69;1
5;21;3
5;25;3
5;29;4
5;0;4
5;70;4
5;66;1
5;63;1
6;14;5
6;69;3
6;23;4
6;19;4
6;70;3
6;28;2
6;32;4
6;15;3
6;0;5
6;56;4
6;21;3
6;22;3
6;50;4
6;47;3
6;64;4
6;13;2
6;12;4
6;71;4
6;7;2
6;1;4
6;9;4
6;8;4
7;32;4
7;0;5
7;28;5
7;22;5
7;10;4
7;54;3
7;8;5
7;7;5
7;72;5
7;53;5
7;23;3
7;27;4
7;56;5
7;62;3
7;29;3
7;47;5
7;0;5
7;51;2
7;73;3
7;68;4
7;4;5
7;25;3
7;9;5
7;70;1
7;71;5
7;0;5
7;31;4
7;69;5
7;52;4
7;11;3
7;12;5
7;50;5
8;22;5
8;50;5
8;56;5
8;7;3
8;11;3
8;0;5
9;6;5
9;50;5
9;0;4
10;16;4
10;7;4
10;0;4
10;4;4
10;22;5
10;64;4
10;13;3
10;56;5
10;0;4
10;50;5
10;33;4
10;11;4
10;32;4
10;69;4
10;0;3
10;59;4
10;70;4
10;23;5
10;40;4
10;12;5
10;0;4
11;38;3
11;47;4
11;9;5
11;22;4
11;40;3
11;0;4
11;12;2
11;70;4
11;56;4
11;57;2
11;69;3
11;24;3
11;39;3
11;15;5
11;0;3
11;42;3
11;25;3
11;54;3
11;28;5
11;52;3
11;0;4
11;58;3
11;11;2
12;71;4
12;15;5
12;28;5
12;50;4
12;4;5
12;69;5
13;56;5
13;72;4
13;66;3
13;59;4
13;14;4
13;42;4
13;29;2
13;45;3
13;2;3
13;64;5
13;25;1
13;48;5
13;21;3
13;61;4
13;40;2
13;73;3
13;71;4
13;24;1
13;27;3
13;11;1
13;23;5
13;51;3
13;4;5
13;68;3
13;1;3
13;13;5
13;12;5
13;7;2
13;32;4
13;5;1
13;17;1
13;33;5
13;22;4
13;39;3
13;67;1
13;50;5
13;37;1
13;70;3
13;58;4
13;69;4
13;62;5
13;53;1
13;38;3
13;49;4
13;60;4
13;28;5
13;9;3
13;8;4
14;0;3
14;56;5
14;13;4
14;7;5
14;70;1
14;14;3
14;9;4
14;15;4
14;42;4
14;23;5
14;50;5
14;18;3
14;12;5
14;32;5
14;25;2
14;19;5
15;25;3
15;20;3
15;18;1
15;9;4
15;7;1
15;1;1
15;14;4
15;13;1
15;50;5
15;15;4
16;64;5
16;55;5
16;8;5
16;56;5
16;70;4
16;22;5
16;27;2
16;69;5
16;51;4
16;31;5
16;28;5
16;9;5
16;7;5
16;4;5
16;11;5
16;12;5
16;1;5
16;58;4
16;71;5
16;15;5
16;33;2
16;66;4
16;39;5
17;13;3
17;9;3
17;1;4
17;7;4
18;26;4
18;58;4
18;69;3
18;25;3
18;14;5
18;71;4
18;12;5
18;0;4
18;47;3
18;64;5
18;19;3
18;1;5
18;70;4
18;13;5
18;6;5
18;65;5
18;60;4
18;4;3
18;45;5
18;61;4
18;9;5
18;42;3
18;66;3
18;23;4
18;22;5
18;72;3
18;59;4
18;52;5
18;48;4
18;32;2
18;8;5
18;15;4
18;50;4
18;28;3
18;56;5
19;4;4
19;8;5
20;11;2
20;1;3
20;69;1
20;22;5
20;50;3
20;15;4
21;56;5
21;17;4
21;7;5
21;5;2
21;50;3
21;15;4
21;9;5
21;53;4
21;1;5
22;29;1
22;53;3
22;24;5
22;21;4
22;17;4
22;2;2
22;4;5
22;62;4
22;50;5
22;68;4
23;28;3
23;32;3
23;0;4
23;71;3
23;70;2
23;1;5
23;50;4
23;14;4
23;7;4
23;19;4
23;55;4
23;8;4
23;62;3
23;56;4
23;59;4
23;73;3
24;64;5
24;25;4
24;56;4
24;9;5
24;55;5
24;69;5
24;8;5
24;11;5
24;41;5
24;12;5
24;71;5
24;7;4
24;58;3
25;25;5
25;50;5
25;8;4
25;13;4
25;23;4
25;1;5
25;7;4
26;25;3
26;15;4
26;0;3
26;9;4
26;13;3
26;1;3
26;24;3
26;14;3
26;50;4
27;50;3
27;9;4
28;7;5
28;50;4
28;12;4
28;70;4
28;11;4
28;56;5
28;0;4
28;5;3
28;31;4
29;12;5
30;28;4
30;7;4
30;2;3
30;50;3
30;69;5
30;29;3
31;32;5
32;9;3
32;7;4
32;50;4
37;55;3
37;56;5
37;24;4
37;22;5
37;0;4
37;68;5
37;27;4
37;50;5
37;7;4
37;62;5
38;67;4
38;71;5
38;1;5
38;28;4
38;22;5
38;69;5
38;70;5
38;35;5
41;28;4
41;0;3
41;69;4
41;1;4
41;58;3
41;56;4
41;50;5
42;44;3
42;69;4
42;48;5
42;70;3
42;25;3
42;12;4
42;28;5
42;63;4
42;72;3
42;0;5
42;15;4
42;54;4
42;43;2
42;58;5
42;66;4
42;64;5
42;38;3
42;50;5
42;71;4
42;73;4
42;2;5
43;14;2
43;40;3
43;5;4
43;52;4
43;64;5
43;66;4
43;0;5
43;15;5
43;7;4
43;54;3
43;50;4
43;1;5
43;47;1
43;49;4
43;63;3
43;17;3
43;11;5
43;56;5
43;71;4
43;51;1
43;25;5
43;3;2
43;9;4
43;28;4
43;12;5
43;8;4
43;69;4
43;58;3
43;70;4
43;4;4
43;73;4
44;15;4
44;56;2
44;11;3
44;55;4
44;9;5
44;5;4
44;21;2
44;1;4
44;25;2
44;24;3
44;71;3
44;69;4
44;64;5
44;67;3
44;7;5
44;50;5
44;22;4
44;31;4
45;25;4
45;15;4
45;1;5
45;21;3
45;50;5
45;13;5
45;7;3
45;24;3
46;0;4
46;50;4
48;50;4
48;28;2
48;71;3
48;56;3
49;68;1
49;47;5
49;7;4
49;38;1
49;17;2
49;49;2
49;10;3
49;1;2
49;72;2
49;53;4
49;40;1
49;56;5
49;3;3
49;52;2
49;11;3
49;55;4
49;39;2
49;70;2
49;13;3
49;42;4
49;50;1
49;71;3
49;57;4
49;25;2
49;8;3
49;54;2
49;4;2
49;62;2
49;12;4
49;2;1
50;0;4
50;15;2
51;64;4
51;50;5
52;15;5
52;22;5
52;13;5
52;19;5
52;25;5
52;7;5
53;24;3
53;64;5
53;7;3
53;25;4
53;50;4
53;15;5
54;50;5
54;7;4
54;25;4
54;24;1
54;1;4
55;56;4
55;22;5
55;50;4
55;7;3
56;71;4
56;69;4
56;68;3
56;29;3
56;63;3
56;0;4
56;31;4
56;73;4
56;51;3
56;56;5
56;38;2
56;70;4
56;44;4
56;25;4
56;7;5
56;64;5
56;11;4
56;67;2
56;42;4
56;53;3
56;22;5
56;62;5
56;50;5
56;28;5
56;66;3
57;28;4
57;56;3
57;7;4
57;11;3
57;64;5
57;24;3
57;8;4
57;42;5
57;15;4
57;50;5
57;1;5
58;9;4
58;45;5
58;0;4
58;8;4
58;20;1
58;64;5
58;61;5
58;69;1
58;50;4
58;13;3
58;32;5
58;11;5
58;70;4
58;12;5
58;25;4
58;1;5
58;56;5
58;7;5
59;23;5
59;54;4
59;70;3
59;12;5
59;13;5
59;47;5
59;10;4
59;14;5
59;7;4
59;48;5
59;25;4
59;65;4
59;45;5
59;71;3
59;18;4
59;39;4
59;50;5
59;33;3
59;64;5
59;51;5
59;56;5
59;9;4
59;59;5
59;22;4
59;3;4
59;55;5
59;52;4
59;11;5
59;61;4
59;44;4
59;58;4
59;1;2
59;32;4
59;15;5
59;69;5
59;42;5
59;30;5
59;60;5
59;24;4
59;68;2
59;73;4
59;53;5
59;28;5
59;4;4
60;60;5
60;47;4
60;28;5
60;71;3
60;61;4
60;21;3
60;13;4
60;64;4
60;56;4
60;8;3
60;59;5
60;12;4
60;73;4
60;30;5
60;50;5
60;69;4
60;7;5
60;9;5
60;70;4
60;23;4
60;15;4
62;21;3
62;65;4
62;12;4
62;68;1
62;59;4
62;24;4
62;4;4
62;28;3
62;8;5
62;33;1
62;20;4
62;3;3
62;14;4
62;55;5
62;47;4
62;9;4
62;56;5
62;70;3
62;50;5
62;1;2
62;44;3
62;53;2
62;62;3
62;13;4
62;71;4
62;69;4
62;22;4
62;72;3
62;7;4
62;15;2
62;64;4
63;20;3
63;50;4
63;6;3
63;13;4
63;15;3
63;25;4
63;1;3
63;3;2
63;14;4
63;10;4
64;2;3
64;8;4
64;56;5
64;7;4
64;38;3
64;64;4
64;9;4
64;17;3
64;71;3
64;1;4
64;69;4
64;72;4
64;58;3
64;12;5
64;62;2
64;70;5
64;4;3
64;52;3
64;32;1
64;50;5
64;22;4
64;11;4
64;31;4
64;28;4
64;48;5
64;10;5
65;47;2
65;56;3
65;70;1
65;48;5
65;7;1
65;65;3
65;50;5
65;63;2
65;28;4
65;15;5
65;73;4
65;69;3
65;1;3
65;64;5
65;25;4
65;66;3
65;9;5
66;1;3
66;7;3
66;15;3
66;21;1
66;24;3
66;50;5
66;9;4
67;64;5
67;1;3
67;7;5
67;25;4
67;24;4
68;7;3
68;50;5
68;25;4
68;9;4
69;12;5
69;56;5
69;9;4
69;48;5
69;42;5
69;50;5
69;7;5
70;50;4
70;71;3
70;48;4
70;69;4
70;24;4
70;8;4
70;28;4
70;15;3
70;63;3
70;1;4
71;56;5
71;65;5
71;50;3
71;64;4
71;14;5
71;52;4
71;6;3
72;48;4
72;54;3
72;28;4
72;64;5
72;45;5
72;68;3
72;12;5
72;70;4
72;51;4
72;38;3
72;7;1
72;15;5
72;9;5
72;2;3
72;25;5
72;56;5
72;5;4
72;69;4
72;50;2
72;58;4
72;1;4
72;23;4
73;56;4
73;12;5
73;7;4
73;28;3
73;48;2
73;59;5
73;32;4
73;64;5
73;1;2
74;9;4
74;15;4
74;7;4
74;13;4
75;1;4
75;13;5
75;25;5
75;56;5
76;61;4
76;12;3
76;59;4
76;64;5
76;23;5
76;42;3
76;7;4
76;60;4
76;56;5
76;6;5
76;70;4
76;24;2
77;23;4
77;4;3
77;50;4
77;69;3
77;52;5
77;56;4
77;15;2
77;31;3
77;25;2
77;1;5
77;28;5
77;42;5
78;25;3
79;50;4
79;6;4
79;7;5
79;13;3
79;19;5
79;1;4
79;10;5
80;50;3
80;45;4
80;58;4
80;64;5
81;3;4
81;7;4
81;1;4
81;42;4
81;25;5
82;56;3
82;14;4
82;73;4
82;15;3
82;69;4
82;64;5
82;13;2
82;11;4
82;25;2
82;70;4
82;8;4
82;9;4
82;28;3
82;3;2
82;21;1
82;1;4
82;7;3
82;71;4
82;50;5
82;22;3
83;43;4
83;22;5
83;28;4
83;63;4
83;1;4
83;35;1
83;64;5
83;2;4
83;66;4
83;71;3
83;69;4
83;15;4
83;25;2
83;4;2
83;70;4
83;56;1
83;31;5
83;38;5
83;50;3
84;12;5
84;31;4
84;64;5
84;7;4
84;15;4
84;1;2
84;25;3
84;4;3
84;70;5
85;51;2
85;25;2
85;13;3
85;58;4
85;53;3
85;56;4
85;71;4
85;8;4
85;45;3
85;70;4
85;10;4
85;57;5
85;28;4
85;30;3
85;27;4
85;14;4
85;69;4
85;23;4
85;65;3
85;52;3
85;50;5
85;64;5
85;42;3
85;9;4
87;40;3
87;9;4
87;2;4
87;70;5
87;67;4
87;55;4
87;39;3
87;7;4
87;25;4
87;64;5
87;63;4
87;73;3
87;33;3
87;68;3
87;8;5
87;4;5
87;38;5
87;62;5
87;48;4
87;22;4
87;21;3
87;50;5
87;47;3
87;72;3
87;13;3
87;27;4
87;49;5
87;66;5
87;56;4
89;26;3
89;14;4
89;13;2
89;7;5
89;66;3
89;50;5
89;49;4
89;1;5
89;15;5
89;25;5
90;25;5
90;22;4
90;12;5
90;31;4
90;11;4
90;9;4
90;30;5
90;6;4
90;42;4
90;14;5
90;17;4
90;45;3
90;33;4
90;52;5
90;70;5
90;26;4
90;19;3
90;18;3
90;20;4
90;56;5
90;10;5
90;64;4
90;59;5
90;57;5
90;8;5
90;65;4
90;69;1
90;60;4
90;23;5
91;28;4
91;64;4
91;50;5
91;31;5
91;22;5
91;56;1
91;69;5
92;15;3
92;24;3
92;42;4
92;48;4
92;32;3
92;31;4
92;11;4
92;46;4
92;53;3
92;67;3
92;43;3
92;66;3
92;62;3
92;22;3
92;28;3
92;2;3
92;73;3
92;56;5
92;29;3
92;71;5
92;12;5
92;54;3
92;64;4
92;7;4
92;5;4
92;4;4
92;72;3
92;51;4
92;9;4
92;49;3
92;1;4
92;55;3
92;58;4
92;47;4
92;8;5
92;68;3
92;50;5
92;38;3
92;44;3
92;39;3
92;63;3
92;69;5
92;40;3
92;25;3
92;13;4
92;65;4
93;15;5
93;1;5
93;14;4
94;62;3
94;24;4
94;58;5
94;9;5
94;33;3
94;45;5
94;31;4
94;39;3
94;34;1
94;28;4
94;64;5
94;50;5
94;63;3
94;38;2
94;1;4
94;68;4
94;70;4
94;12;4
94;61;5
94;52;5
94;55;4
94;17;2
94;23;5
94;8;5
94;7;4
94;11;5
94;25;3
94;66;2
94;56;5
94;41;3
94;49;4
94;53;4
94;22;4
94;29;2
94;54;4
94;72;3
94;32;5
94;42;4
94;4;4
94;69;3
94;67;3
94;51;3
94;47;5
94;71;4
95;68;4
95;1;5
95;15;4
95;33;3
95;26;3
95;32;1
95;24;3
95;2;2
95;14;5
95;64;5
95;3;1
95;48;4
95;7;5
95;69;5
95;43;2
95;31;4
95;28;4
95;70;4
95;63;3
95;72;2
95;25;3
95;71;5
95;67;2
95;65;4
95;22;4
95;58;3
95;51;4
95;8;5
95;62;4
95;49;3
95;73;4
95;52;4
95;50;5
96;8;5
96;64;5
96;1;5
96;50;5
96;23;5
96;42;1
96;7;5
96;56;5
97;50;5
97;7;5
97;28;5
97;32;5
97;1;4
97;23;5
97;69;5
98;47;4
98;70;3
98;25;5
99;4;5
99;50;5
99;11;5
99;7;4
99;56;5
99;69;4
99;12;5
99;3;3
99;66;3
99;28;3
99;64;5
99;22;5
99;1;4
99;25;3
101;24;4
101;50;4
101;1;3
101;7;3
102;70;3
102;66;3
102;67;1
102;62;3
102;47;2
102;50;4
102;5;3
102;56;3
102;38;2
102;53;2
102;29;1
102;72;3
102;68;2
102;49;2
102;73;3
102;13;3
102;55;3
102;11;3
102;4;2
102;2;2
102;1;3
102;7;2
103;24;4
103;50;5
103;69;3
103;56;5
104;7;3
104;25;3
104;10;2
104;13;3
104;3;3
104;15;5
104;50;5
104;9;2
106;69;4
106;45;3
106;15;3
106;64;4
106;8;4
106;1;4
106;22;4
106;48;3
106;12;4
106;25;4
106;14;4
106;28;4
106;9;4
106;70;3
106;59;4
108;50;4
108;13;3
108;21;3
108;10;5
108;14;5
108;7;5
108;1;4
109;8;3
109;1;4
109;31;4
109;5;3
109;62;3
109;4;2
109;42;1
109;69;4
109;9;3
109;68;3
109;7;4
109;58;4
109;67;5
109;29;3
109;64;2
109;70;4
109;71;4
109;12;4
109;55;2
109;72;5
109;15;4
109;17;4
109;54;3
109;11;4
109;25;4
109;63;3
109;53;4
109;22;4
109;56;5
109;28;3
109;50;5
110;38;3
110;22;4
110;28;4
110;68;2
110;11;4
110;69;4
110;55;3
110;33;4
110;64;4
110;56;1
110;41;4
110;2;3
110;43;3
110;12;4
110;54;4
110;63;3
110;29;3
110;31;3
110;67;3
113;7;3
113;50;5
113;9;3
114;56;3
115;20;3
115;8;5
115;11;4
115;69;1
115;32;5
115;12;5
115;9;5
115;50;5
115;22;3
115;7;5
115;4;4
115;33;4
115;56;5
115;23;5
115;13;5
115;48;5
116;7;2
116;65;2
116;20;3
116;47;3
116;11;5
116;50;3
116;56;5
117;15;5
117;50;5
117;1;4
117;12;5
117;56;5
117;25;4
117;33;4
117;7;3
117;11;5
118;23;5
118;22;5
118;32;5
118;17;3
118;7;5
118;53;5
118;56;5
118;55;5
118;5;2
119;54;4
119;12;3
119;24;4
119;40;4
119;52;3
119;50;5
119;56;4
119;22;4
119;11;5
119;25;5
119;23;3
119;9;4
119;70;3
119;28;5
119;7;5
119;64;4
119;31;5
120;25;5
120;9;4
120;15;4
120;1;4
120;50;4
121;14;5
121;9;5
121;57;5
121;25;5
121;50;5
121;12;5
121;11;2
121;1;4
122;70;5
122;46;5
122;69;2
122;11;1
122;57;2
122;28;4
123;13;3
123;22;4
123;50;3
123;9;5
123;23;4
123;64;3
123;14;5
124;50;3
124;11;5
124;28;3
124;7;4
124;1;3
125;22;5
125;28;4
125;64;5
125;25;1
125;73;5
125;63;3
125;1;4
125;69;4
125;50;5
125;56;1
125;41;2
125;8;4
125;70;3
125;72;4
125;21;3
125;49;3
125;66;5
125;67;5
127;62;5
127;50;4
128;15;4
128;64;5
128;56;3
128;48;4
128;65;4
128;1;4
128;58;3
128;14;5
128;50;4
128;54;2
128;71;4
128;26;4
128;25;3
128;70;3
128;66;3
128;73;3
128;69;4
128;28;5
130;56;5
130;71;5
130;50;5
130;55;5
130;58;2
130;47;3
130;3;5
130;49;4
130;53;3
130;12;4
130;22;5
130;63;4
130;4;2
130;66;5
130;39;4
130;33;5
130;28;4
130;69;5
130;44;4
130;41;3
130;68;5
130;54;5
130;27;4
130;31;4
130;11;5
130;5;4
130;62;4
130;24;5
130;65;4
130;67;4
130;64;5
130;29;3
130;38;4
130;2;4
130;42;4
130;1;5
130;17;5
130;7;5
131;1;4
131;14;5
131;19;4
131;9;5
132;56;5
132;12;4
132;50;3
134;15;5
134;1;5
135;23;4
135;39;3
135;54;3
135;33;3
135;12;4
135;56;4
135;55;4
135;38;3
135;5;3
136;14;5
136;56;4
136;19;4
136;42;3
136;9;5
136;15;4
137;55;5
137;50;5
137;15;4
137;51;1
137;1;3
138;26;5
138;13;4
138;15;4
138;12;5
138;56;5
138;45;5
138;1;4
138;14;3
141;50;4
141;1;3
141;7;5
141;25;5
141;15;5
142;28;4
142;55;2
142;7;4
142;42;4
144;31;3
144;66;4
144;62;2
144;64;5
144;50;5
144;22;5
144;33;5
144;73;3
144;32;4
144;19;4
144;65;4
144;68;2
144;24;4
144;20;4
144;69;5
144;1;4
144;8;4
144;61;3
144;4;4
144;15;4
144;70;4
144;48;5
144;55;4
144;54;2
144;14;4
144;9;5
144;12;4
144;56;4
144;7;2
144;58;3
144;72;4
144;59;4
145;15;2
145;56;5
145;22;5
145;13;5
145;1;3
145;50;5
145;25;2
145;44;5
145;5;3
145;7;5
145;39;4
145;3;3
145;38;3
145;69;5
145;42;5
145;51;3
145;12;5
145;23;4
145;54;5
145;17;3
145;66;4
145;62;2
145;31;5
145;55;3
145;64;4
145;9;2
145;11;5
145;49;3
145;53;2
145;59;1
148;1;4
148;70;5
148;71;5
148;7;5
148;69;5
148;50;5
148;56;5
148;8;4
150;13;4
150;1;4
150;50;5
150;14;4
151;10;5
151;13;3
151;12;5
151;58;4
151;15;4
151;25;4
151;7;4
151;66;4
151;47;3
151;65;4
151;49;3
151;64;5
151;51;4
151;52;5
151;69;4
151;70;4
151;31;3
151;26;3
151;50;5
151;9;4
151;14;5
151;1;5
151;33;5
151;4;5
151;56;4
151;44;4
151;28;4
151;73;4
152;25;3
152;67;5
152;51;4
152;22;5
152;71;5
152;69;5
152;15;5
152;49;5
152;66;5
152;21;3
152;8;5
152;33;5
153;64;5
153;22;2
153;56;5
153;50;1
154;50;5
154;61;4
156;58;4
156;12;3
156;64;3
156;22;3
156;11;2
156;48;4
156;9;4
157;25;3
157;3;3
157;1;5
157;50;4
158;24;4
158;72;3
158;1;4
158;38;4
158;8;5
158;42;3
158;68;3
158;11;4
158;62;5
158;50;4
158;20;4
158;39;5
158;53;1
158;55;4
158;29;3
158;10;4
158;56;5
158;22;5
158;70;4
158;4;4
158;7;5
159;24;5
159;72;3
159;7;5
159;25;5
159;67;1
159;15;5
159;9;3
160;56;5
160;3;3
160;21;1
160;4;4
160;32;5
160;24;5
160;23;5
160;7;3
160;1;4
160;50;4
160;13;4
160;15;2
160;61;4
160;11;4
160;55;4
160;59;4
160;9;3
161;48;1
161;14;4
161;56;3
161;22;2
161;50;2
161;69;4
161;15;2
161;70;3
162;25;4
162;42;3
162;50;5
162;11;4
162;1;4
162;7;3
162;55;3
162;28;4
163;56;4
163;64;4
163;28;3
164;9;4
165;69;3
165;15;5
167;48;1
167;73;2
167;8;5
168;7;1
168;25;5
168;15;5
168;9;1
168;1;5
169;50;5
172;23;3
174;41;1
174;63;4
174;49;4
174;29;2
174;66;5
174;28;5
174;21;1
174;14;5
174;40;4
174;67;1
174;13;3
174;56;5
174;1;3
174;12;5
174;9;5
174;15;5
174;31;4
174;69;5
174;70;5
174;50;4
174;11;5
174;65;5
175;71;4
175;31;4
175;56;2
175;9;4
175;64;5
175;12;4
175;11;5
175;50;5
176;13;4
176;50;5
176;25;3
176;7;5
177;69;1
177;56;5
177;1;3
177;47;3
177;22;4
177;59;4
177;23;5
177;12;5
177;55;3
177;50;5
177;11;4
177;64;4
177;60;4
177;7;4
177;42;4
178;73;5
178;58;5
178;70;4
178;22;5
178;8;4
178;25;3
178;55;4
178;28;5
178;15;5
178;71;4
178;16;4
178;39;2
178;2;4
178;38;3
178;24;3
178;11;5
178;56;4
178;9;2
178;50;5
178;62;4
178;7;4
178;64;5
178;1;4
178;66;4
178;31;4
178;51;4
178;12;5
178;69;5
180;68;5
180;67;1
180;69;4
180;56;5
180;28;3
180;12;2
180;53;5
180;40;4
181;3;2
181;14;1
181;1;3
181;16;1
181;20;1
181;7;4
181;21;1
181;10;2
181;25;5
181;9;4
181;13;2
181;15;3
181;19;1
181;18;1
181;6;1
181;24;1
182;69;5
182;50;5
182;48;3
182;1;4
182;15;4
183;54;2
183;55;4
183;62;2
183;50;2
184;36;3
184;71;4
184;47;4
184;14;4
184;15;3
184;52;4
184;13;3
184;34;2
184;70;4
184;69;3
184;22;3
184;64;4
184;58;4
184;72;3
184;11;3
184;57;5
184;67;3
184;9;5
184;44;4
184;20;4
184;25;4
184;66;4
184;51;4
184;50;4
184;40;4
184;65;4
184;1;4
184;7;3
184;56;3
184;29;3
185;23;4
185;28;5
185;15;3
185;9;4
185;25;4
185;47;4
185;50;4
186;53;1
186;71;5
186;44;5
186;31;4
186;56;3
186;38;5
186;12;1
186;55;4
187;64;5
187;70;4
187;28;4
187;65;5
187;69;4
187;23;4
187;8;5
187;52;4
188;69;4
188;7;5
188;13;4
188;38;3
188;56;4
188;66;3
188;28;3
188;5;4
188;64;5
188;54;4
188;22;5
188;11;5
188;50;4
189;56;5
189;20;5
189;1;5
189;30;4
189;45;3
189;60;3
189;21;2
189;15;2
189;31;3
189;9;3
189;16;3
189;44;4
189;24;4
189;13;4
189;7;3
189;50;5
189;61;3
189;4;5
189;10;5
189;8;5
189;28;4
189;14;5
189;59;3
190;15;4
190;7;4
190;24;3
190;9;1
192;50;4
192;25;4
192;7;4
192;9;5
193;33;3
193;2;3
193;29;3
193;56;1
193;73;3
193;38;3
193;72;2
193;1;4
193;23;4
193;25;4
193;69;5
193;24;2
194;54;3
194;66;3
194;23;4
194;4;4
194;56;5
194;62;2
194;52;4
194;51;4
194;30;3
194;1;4
194;26;3
194;58;4
194;44;4
194;12;5
194;25;2
194;7;3
194;71;4
194;64;5
194;70;3
194;31;3
194;69;4
194;50;3
194;9;4
194;28;5
194;22;5
194;8;3
194;73;3
194;13;4
194;15;4
194;29;2
194;72;3
194;67;1
195;14;4
195;61;3
195;67;2
195;46;3
195;55;4
195;47;5
195;59;3
195;60;3
196;67;5
196;25;4
196;8;5
196;70;3
196;66;3
196;13;2
197;55;3
197;68;2
197;33;2
197;62;2
197;56;1
197;39;2
197;22;5
197;2;3
197;11;1
197;38;3
197;29;3
197;4;3
197;50;5
198;58;3
198;7;4
198;24;2
198;51;3
198;11;4
198;15;3
198;23;4
198;65;2
198;33;3
198;25;2
198;1;4
198;56;5
198;6;2
198;55;3
198;70;3
198;73;3
198;69;4
198;64;4
198;27;2
198;4;3
198;50;5
198;31;3
198;71;3
199;1;1
199;7;4
199;9;5
199;14;4
200;11;5
200;24;2
200;72;4
200;7;4
200;25;4
200;29;4
200;33;4
200;45;3
200;38;3
200;15;4
200;2;4
200;8;4
200;50;5
200;56;4
200;58;4
200;1;5
200;69;5
200;28;5
200;54;4
200;68;5
200;63;4
200;43;3
200;48;2
200;62;5
200;71;4
200;9;4
200;22;4
201;51;2
201;69;2
201;37;2
201;2;2
201;23;4
201;4;4
201;26;4
201;32;3
201;8;3
201;61;2
201;70;3
201;68;2
201;20;2
201;36;1
201;57;4
201;50;4
201;56;5
201;9;3
201;27;3
201;25;3
201;62;1
201;71;3
201;39;1
201;53;3
201;11;4
201;31;1
201;47;4
201;42;4
201;59;4
201;65;4
201;64;3
201;46;4
201;17;3
201;58;4
201;48;3
201;10;3
201;12;4
201;22;2
201;29;3
201;55;4
201;1;3
201;45;2
201;33;4
201;7;3
201;15;3
201;28;3
202;1;3
203;1;3
203;24;4
203;7;3
203;50;5
204;45;5
204;1;2
204;9;5
204;12;4
207;13;3
207;68;2
207;58;3
207;65;3
207;25;4
207;4;4
207;14;4
207;53;1
207;42;4
207;28;4
207;8;3
207;59;4
207;2;3
207;15;4
207;12;3
207;23;4
207;60;3
207;5;3
207;55;3
207;38;3
207;33;2
207;70;3
207;69;4
207;9;4
207;56;4
207;22;3
207;11;3
207;64;5
207;73;3
207;3;2
207;18;2
207;45;3
208;56;2
208;70;3
208;66;4
209;50;5
209;1;5
209;14;3
209;16;4
209;9;3
210;40;3
210;70;4
210;58;4
210;49;3
210;73;5
210;25;4
210;50;5
210;44;3
210;65;4
210;23;5
210;56;5
210;69;4
210;4;4
210;72;3
210;15;4
210;1;5
210;28;4
211;69;3
211;9;3
211;64;3
213;13;4
213;12;5
213;48;5
213;50;5
213;25;4
213;8;3
213;11;4
213;1;2
213;2;4
213;31;4
213;24;5
213;56;5
213;69;3
213;55;5
213;64;5
213;7;4
213;42;5
213;70;3
214;42;5
214;45;4
214;7;5
214;56;5
214;50;3
214;39;4
214;22;3
214;12;5
214;32;4
214;23;5
214;13;3
214;20;4
214;64;5
214;24;3
214;8;4
214;69;2
214;11;5
214;55;4
215;22;3
215;11;2
215;64;4
215;8;2
215;70;3
215;23;3
215;15;3
215;50;5
215;28;4
215;56;5
215;54;4
216;55;5
216;69;5
216;12;5
216;7;5
216;4;5
216;15;3
216;72;2
216;28;4
216;9;4
216;25;3
216;58;4
216;11;5
216;42;5
216;22;5
216;56;5
216;64;5
216;67;3
216;50;4
216;66;2
216;1;4
216;27;3
216;65;4
216;47;4
216;3;4
217;2;3
217;27;1
217;7;4
217;22;5
217;53;1
217;68;3
217;38;3
217;29;2
217;33;4
217;56;5
217;50;1
217;62;2
217;17;3
217;11;4
218;33;4
218;12;5
218;5;3
218;4;3
218;8;3
218;56;3
218;47;4
218;39;2
218;55;4
218;42;4
218;23;4
219;13;1
219;71;1
219;4;4
219;38;1
221;48;5
221;69;4
221;17;4
221;32;4
221;39;4
221;53;4
221;70;3
221;4;3
221;24;5
221;3;4
221;33;4
221;64;5
221;23;4
221;7;4
221;50;4
221;59;2
221;29;3
221;27;4
221;42;5
221;55;4
221;12;5
221;56;5
221;38;2
222;26;3
222;49;3
222;53;5
222;22;5
222;29;3
222;25;3
222;69;5
222;58;3
222;40;1
222;4;3
222;62;4
222;7;5
222;8;1
222;9;5
222;12;5
222;71;4
222;15;3
222;1;4
222;2;3
222;70;3
222;63;3
222;24;3
222;41;3
222;73;4
222;31;5
222;11;5
222;28;5
222;66;4
222;44;3
222;56;5
222;51;3
222;68;4
222;67;4
222;54;4
222;17;2
222;50;4
222;38;2
222;48;5
222;35;1
222;72;4
222;64;5
223;11;3
223;8;2
223;1;4
223;69;5
223;25;1
223;22;5
223;71;5
223;28;4
224;29;3
224;26;3
224;69;4
224;20;1
224;43;3
224;22;5
224;51;4
224;11;3
224;15;4
224;28;4
224;54;3
224;70;2
225;64;4
225;22;5
226;56;4
226;7;4
226;14;5
226;9;5
226;28;4
226;24;4
226;25;4
226;69;4
226;12;5
226;23;3
227;50;4
227;9;3
227;7;5
227;19;4
227;25;4
227;14;4
227;13;5
227;15;4
228;56;2
230;50;5
230;7;3
230;51;4
230;8;5
230;11;4
230;70;4
230;71;5
230;25;3
230;28;5
230;1;5
230;22;5
230;56;3
230;64;5
230;10;3
230;69;4
231;1;3
231;50;4
231;15;4
232;52;5
232;8;2
232;1;4
232;64;4
232;22;3
232;56;5
232;14;4
232;32;4
232;48;5
232;69;3
232;4;4
232;50;4
232;44;4
233;48;5
233;57;5
233;69;5
233;58;3
233;31;3
233;56;5
233;71;5
233;47;5
233;14;4
233;8;3
233;12;2
233;50;3
233;23;5
233;70;5
233;64;5
233;9;5
233;4;3
234;10;3
234;20;4
234;50;4
234;71;3
234;72;3
234;14;3
234;8;5
234;1;3
234;54;2
234;32;3
234;12;1
234;73;2
234;70;3
234;21;3
234;7;2
234;15;3
234;23;4
234;22;4
234;48;2
234;47;2
234;5;3
234;16;2
234;4;4
234;69;4
234;25;3
234;64;4
234;40;2
234;28;4
234;66;3
234;13;3
234;56;3
234;44;3
234;9;3
234;11;2
234;30;4
234;45;4
234;31;4
234;52;4
234;2;2
235;70;5
235;22;4
235;52;4
235;7;4
235;65;2
235;69;4
235;50;5
235;1;4
235;66;2
236;71;3
236;57;5
236;15;5
236;51;5
236;66;2
236;58;2
236;69;5
236;56;5
236;9;5
236;64;5
236;50;3
236;28;4
237;23;4
237;28;4
237;9;4
237;58;4
237;64;5
239;56;4
239;9;5
239;58;5
239;10;5
239;47;2
239;8;5
239;65;5
239;50;5
239;45;5
239;46;4
239;69;1
239;42;5
239;64;1
239;12;5
239;39;5
239;14;5
242;1;4
243;15;3
243;13;4
243;28;4
243;69;3
243;16;3
243;14;3
243;7;3
243;1;4
243;22;3
243;25;3
243;10;4
243;26;3
243;8;5
244;51;2
244;17;2
244;53;3
244;7;4
244;31;4
244;13;4
244;54;2
244;20;4
244;22;4
244;62;2
244;72;4
244;69;4
244;42;5
244;52;4
244;40;2
244;32;2
244;66;4
244;64;5
244;3;5
244;50;5
244;71;4
244;68;5
244;70;4
244;26;5
244;1;4
244;9;5
244;58;3
244;28;4
244;65;4
244;56;5
244;67;4
245;50;4
245;21;3
246;68;5
246;8;3
246;17;2
246;1;4
246;29;1
246;55;4
246;3;2
246;38;2
246;25;3
246;41;2
246;12;5
246;24;4
246;11;4
246;67;2
246;69;3
246;50;5
246;56;1
246;66;3
247;50;5
247;1;4
247;28;5
247;64;5
247;7;4
247;70;5
247;58;4
248;55;4
248;11;5
248;7;2
248;69;1
248;50;5
248;64;5
248;22;2
248;1;3
249;11;5
249;23;4
249;22;5
249;58;5
249;13;4
249;68;5
249;39;4
249;24;4
249;55;5
249;42;5
249;9;5
249;28;4
249;53;4
249;12;5
249;64;5
249;1;4
249;56;5
249;4;4
249;31;4
249;7;5
249;2;3
249;50;4
249;69;5
250;7;4
250;2;4
250;64;5
250;44;4
250;1;4
250;71;5
250;23;4
250;69;5
250;56;4
250;50;5
250;12;5
250;28;4
250;55;5
250;9;2
251;55;3
251;50;5
251;12;4
251;15;4
251;22;5
251;64;5
251;33;3
251;45;5
251;60;4
251;24;3
251;7;3
251;1;4
251;25;4
252;9;5
252;7;4
252;14;4
252;1;5
253;50;4
253;64;5
253;56;3
253;22;5
253;12;5
253;8;4
253;15;4
253;1;5
253;4;4
254;50;5
254;15;3
254;35;2
254;64;4
254;8;5
254;28;4
254;71;3
254;22;4
254;21;3
254;1;3
254;69;5
254;29;2
254;62;3
255;53;3
255;5;2
255;56;5
255;7;2
256;25;5
256;29;4
256;12;5
256;49;4
256;2;5
256;9;4
256;51;4
256;7;4
256;4;5
256;38;4
256;1;5
256;56;3
256;31;5
256;15;5
256;22;5
256;54;5
256;66;4
256;36;3
256;5;5
256;44;4
256;50;4
256;64;5
256;11;5
256;21;4
257;59;5
257;50;5
257;70;4
257;60;5
257;57;5
257;61;5
257;14;5
259;12;5
259;15;3
259;65;3
259;39;4
262;28;3
262;64;5
262;47;2
262;11;4
262;50;2
262;71;4
262;15;3
262;44;2
262;22;4
262;7;4
262;40;4
262;55;3
262;69;4
262;72;3
262;1;3
262;52;3
262;56;4
262;68;2
262;65;4
262;66;3
262;58;3
262;70;4
263;69;5
263;64;5
263;22;5
263;58;4
263;50;5
263;1;5
263;28;3
263;23;3
263;31;4
264;70;4
264;33;3
264;56;5
264;25;4
264;4;4
264;42;5
264;12;5
264;19;5
264;14;4
264;26;4
264;7;5
264;23;5
264;47;5
265;7;2
265;15;3
265;50;2
265;1;5
266;25;3
266;14;4
266;9;4
267;17;4
267;55;4
267;50;5
267;28;4
267;7;5
267;24;5
267;22;4
267;3;4
267;67;3
267;54;3
267;29;3
267;33;5
267;65;4
267;64;5
267;53;4
267;62;3
267;31;4
267;47;5
267;56;5
267;69;4
267;68;4
267;12;5
267;2;3
267;5;3
268;2;2
268;62;3
268;21;3
268;1;3
268;63;1
268;52;3
268;42;4
268;68;4
268;16;3
268;31;4
268;17;3
268;7;4
268;73;3
268;67;3
268;55;4
268;40;3
268;38;1
268;10;4
268;47;1
268;27;4
268;71;3
268;33;3
268;4;4
268;72;3
268;11;4
268;59;5
268;53;3
268;12;4
268;13;3
268;50;5
268;56;4
268;70;3
268;39;3
268;60;5
268;3;1
268;25;3
268;24;2
268;37;3
268;61;4
268;51;3
268;29;1
269;22;1
269;13;4
269;9;4
269;47;4
269;72;2
269;15;2
269;63;1
269;64;4
269;50;3
269;70;1
269;7;3
269;5;2
269;44;3
269;55;4
269;51;2
269;48;5
269;53;1
269;66;1
269;69;1
269;42;5
269;58;2
269;56;5
269;3;3
269;8;2
269;68;3
269;59;4
269;17;2
269;65;4
269;52;4
269;23;5
269;11;3
270;25;5
270;53;4
270;70;5
270;66;4
270;17;2
270;13;4
270;50;5
270;26;5
270;60;5
270;5;5
270;7;4
270;56;5
271;65;3
271;56;3
271;11;4
271;22;5
271;8;4
271;50;5
271;13;4
271;25;3
271;15;3
271;52;4
271;54;3
271;44;4
271;58;3
271;64;5
271;1;3
271;70;5
271;38;2
271;31;4
271;12;4
271;62;2
271;4;5
271;69;4
271;73;2
271;47;3
271;40;1
271;51;4
271;48;4
271;2;1
271;9;4
271;43;3
271;28;5
272;12;5
272;48;4
272;8;4
272;11;4
272;22;5
272;50;4
272;23;5
272;42;4
272;56;5
272;32;4
272;69;4
274;50;5
274;25;5
274;1;4
274;71;4
274;69;5
274;9;5
274;15;5
275;69;3
275;28;4
275;50;4
275;71;3
275;62;3
275;1;4
275;22;3
276;54;3
276;2;4
276;57;3
276;40;3
276;70;4
276;64;5
276;38;3
276;43;1
276;34;2
276;11;5
276;58;4
276;56;5
276;66;3
276;22;5
276;63;3
276;46;3
276;69;4
276;4;4
276;14;4
276;68;4
276;41;3
276;5;3
276;8;4
276;50;5
276;62;2
276;73;3
276;21;3
276;17;4
276;24;4
276;44;3
276;31;4
276;53;4
276;47;4
276;9;5
276;51;3
276;42;4
276;27;3
276;67;3
276;29;3
276;72;4
276;1;5
276;28;4
276;3;3
276;25;4
276;7;5
276;71;4
276;65;4
276;55;4
276;12;5
276;39;3
276;23;5
276;33;4
277;24;4
277;9;4
277;15;4
277;25;4
277;50;3
277;7;2
277;1;4
278;22;5
279;68;4
279;65;1
279;42;4
279;67;4
279;13;3
279;4;4
279;24;5
279;1;3
279;50;3
279;66;2
279;63;3
279;52;3
279;25;5
279;59;4
279;73;4
279;40;4
279;16;4
279;10;4
279;70;1
279;71;3
279;60;4
279;41;2
279;12;2
279;61;4
279;31;3
279;33;4
279;28;2
279;21;3
279;44;1
279;22;1
279;29;2
279;32;3
279;30;2
279;2;4
279;56;4
279;27;5
279;47;4
279;62;3
279;17;4
279;7;5
279;64;1
280;1;4
280;38;3
280;11;5
280;53;5
280;7;4
280;62;3
280;50;3
280;5;4
280;4;3
280;40;5
280;54;2
280;69;4
280;73;3
280;31;4
280;56;5
280;29;3
280;13;5
280;66;5
280;67;4
280;2;3
280;8;5
280;71;4
280;58;4
280;22;5
280;72;4
280;3;2
280;68;3
280;9;5
280;70;4
280;33;3
280;12;5
283;70;4
283;42;5
283;24;4
283;50;5
283;49;4
283;21;3
283;56;5
283;71;4
285;64;3
286;73;5
286;44;3
286;34;5
286;7;4
286;13;2
286;56;2
286;11;5
286;20;4
286;50;4
286;55;4
286;29;2
286;1;4
286;57;5
286;53;2
286;25;3
286;66;4
286;47;4
286;14;4
286;40;4
286;70;5
286;17;4
286;4;5
286;22;4
286;42;4
286;41;2
286;16;3
286;3;2
286;72;4
287;1;5
287;11;5
287;56;5
287;39;5
287;28;5
287;50;5
287;9;5
287;4;4
287;64;5
288;12;4
288;15;4
288;13;5
288;50;4
288;69;5
288;64;5
288;22;5
289;7;4
289;1;3
289;24;4
289;21;1
289;15;3
290;50;5
290;21;3
290;71;5
290;22;5
290;54;3
290;43;3
290;15;4
290;69;4
290;31;4
290;49;3
290;1;5
290;28;5
290;66;4
290;62;2
290;64;4
291;15;5
291;7;5
291;70;4
291;54;4
291;53;5
291;17;4
291;41;4
291;56;5
291;4;4
291;46;4
291;72;4
291;28;4
291;48;5
291;66;4
291;49;4
291;24;5
291;9;5
291;5;5
291;8;4
291;31;4
291;33;4
291;12;5
291;55;4
291;1;5
291;38;3
291;22;5
291;67;4
291;69;5
291;11;4
291;21;2
291;3;3
291;64;5
291;27;3
291;50;5
291;71;4
292;11;5
292;9;4
292;10;5
292;28;4
292;56;5
292;20;2
292;7;3
292;24;4
292;58;5
292;1;4
292;48;5
292;2;4
292;64;5
292;50;4
293;5;3
293;39;3
293;36;1
293;68;3
293;8;3
293;23;4
293;55;4
293;31;2
293;27;3
293;12;4
293;2;3
293;71;4
293;33;2
293;69;3
293;64;5
293;16;2
293;56;4
293;54;3
293;53;3
293;22;3
293;26;3
293;3;2
293;62;1
293;7;3
293;25;3
293;38;1
293;29;1
293;15;3
293;14;3
293;70;3
293;48;5
293;50;5
293;49;3
293;65;3
293;17;2
293;47;3
293;4;4
293;67;3
293;11;3
293;1;2
293;51;3
293;73;2
293;66;2
293;45;5
293;28;3
294;10;3
294;24;4
294;7;4
294;50;5
294;1;5
294;21;3
295;39;4
295;72;4
295;47;5
295;73;4
295;67;4
295;4;4
295;25;5
295;68;4
295;7;5
295;53;1
295;42;3
295;43;4
295;60;5
295;22;4
295;69;5
295;65;5
295;70;5
295;71;5
295;50;5
295;52;5
295;1;4
295;11;4
295;56;4
296;20;5
296;48;5
296;32;4
296;15;3
296;10;2
296;14;4
296;22;4
296;56;5
296;24;2
296;45;5
296;55;5
296;61;3
296;50;5
296;19;5
296;1;5
296;7;5
296;11;5
296;9;4
296;13;3
296;23;5
297;57;5
297;73;2
297;25;4
297;20;4
297;22;4
297;12;5
297;31;3
297;56;5
297;50;5
297;7;4
297;24;4
297;70;5
297;47;2
297;69;3
297;53;3
297;17;3
297;8;5
297;13;3
297;11;4
297;55;4
297;1;3
297;4;1
297;32;4
297;42;3
297;27;1
297;28;4
297;34;3
298;8;5
298;69;4
298;71;5
298;28;4
298;58;4
298;23;4
298;1;5
298;22;4
298;50;5
298;9;4
299;14;4
299;24;3
299;26;4
299;32;3
299;71;3
299;50;4
299;17;1
299;67;2
299;73;2
299;13;4
299;70;3
299;52;4
299;59;5
299;56;4
299;19;1
299;47;4
299;58;3
299;23;4
299;25;3
299;1;3
299;28;4
299;48;4
299;55;2
299;60;5
299;7;3
299;72;3
299;4;3
299;12;5
299;10;5
299;49;4
299;20;3
299;45;3
299;61;4
301;56;4
301;33;4
301;58;4
301;53;1
301;25;3
301;11;4
301;9;3
301;67;2
301;8;4
301;31;3
301;7;4
301;54;3
301;66;4
301;1;4
301;2;2
301;22;4
301;42;4
301;73;4
301;29;4
301;47;4
301;28;4
301;39;3
301;3;2
301;51;4
301;43;5
301;64;5
301;12;4
301;68;4
301;71;4
301;50;5
301;4;4
301;69;5
301;15;4
301;24;4
301;41;3
301;62;3
301;17;4
301;21;2
303;69;5
303;68;4
303;65;4
303;31;3
303;9;5
303;49;2
303;62;2
303;67;5
303;24;3
303;15;3
303;55;4
303;43;3
303;42;5
303;44;4
303;26;4
303;38;1
303;2;3
303;12;4
303;13;4
303;29;2
303;53;3
303;11;4
303;28;3
303;3;3
303;25;4
303;54;3
303;50;5
303;64;5
303;56;5
303;70;4
303;22;5
303;23;5
303;72;3
303;41;5
303;5;2
303;8;5
303;73;3
303;21;2
303;1;5
303;17;4
303;47;5
303;4;4
303;46;3
303;7;4
303;33;4
303;63;1
303;71;3
305;71;3
305;11;1
305;50;5
305;61;4
305;15;1
305;56;1
305;14;4
305;52;2
305;7;4
305;12;5
305;64;5
305;16;3
305;70;4
305;42;4
305;48;5
305;1;5
305;2;2
305;33;3
305;13;3
305;49;3
305;60;3
305;59;3
305;66;3
305;45;5
305;69;3
306;14;5
306;13;4
306;25;3
306;19;5
307;71;5
307;21;4
307;22;3
307;24;4
307;56;4
307;28;3
307;1;5
307;62;3
307;70;4
307;72;3
307;64;4
307;50;5
308;1;4
308;55;3
308;59;4
308;60;3
308;54;2
308;4;5
308;45;4
308;28;3
308;70;4
308;12;5
308;5;4
308;25;4
308;44;4
308;64;4
308;72;4
308;58;3
308;23;5
308;31;3
308;48;4
308;30;4
308;19;3
308;15;3
308;68;4
308;71;4
308;56;5
308;24;4
308;8;5
308;32;5
308;11;5
308;21;3
308;49;3
308;65;3
308;22;4
308;50;5
308;17;4
308;61;3
308;69;2
308;73;3
308;42;4
308;47;4
308;7;4
308;66;4
308;9;4
310;24;4
310;14;5
310;50;5
311;9;4
311;5;3
311;28;5
311;68;1
311;70;4
311;73;4
311;22;4
311;38;3
311;58;3
311;1;4
311;43;4
311;15;5
311;62;3
311;50;5
311;41;3
311;71;4
311;44;3
311;23;3
311;63;3
311;12;4
311;8;4
311;31;4
311;72;4
311;64;5
311;66;4
311;56;5
311;39;4
311;54;4
311;69;5
311;51;4
311;47;2
312;28;4
312;57;5
312;8;5
312;52;5
312;4;3
312;71;4
312;70;5
312;1;5
312;69;4
312;23;4
312;10;5
312;14;5
312;50;5
313;22;3
313;71;4
313;65;2
313;31;4
313;44;3
313;73;5
313;67;1
313;64;4
313;69;5
313;56;2
313;29;2
313;66;1
313;23;4
313;8;3
313;25;2
313;50;5
313;1;4
313;28;3
313;63;4
313;47;3
313;58;3
313;15;2
314;28;5
314;9;4
314;73;4
314;54;4
314;29;5
314;42;5
314;5;4
314;64;5
314;24;1
314;68;4
314;71;5
314;7;4
314;11;5
314;22;4
314;67;4
314;66;5
314;36;2
314;56;1
314;53;1
314;65;4
314;25;3
314;15;5
314;70;1
314;72;2
314;38;5
314;41;5
314;1;5
314;8;4
314;69;5
314;12;4
315;13;4
315;8;3
315;17;1
315;55;5
315;46;4
315;48;4
315;12;5
315;31;3
315;56;5
315;25;5
315;23;5
315;4;4
316;50;1
316;71;1
316;19;5
316;64;4
316;9;4
316;22;4
316;14;4
316;69;3
316;44;4
316;58;3
318;50;2
318;64;4
318;47;2
318;72;4
318;49;3
318;66;4
318;12;4
318;63;3
318;15;5
318;69;5
318;24;4
318;56;3
318;58;4
318;26;5
318;70;5
318;14;4
318;4;2
318;8;4
318;40;4
318;25;5
320;68;5
320;42;4
320;11;4
320;3;4
320;54;4
320;33;4
320;4;3
320;7;4
320;22;5
320;1;3
320;62;4
320;38;4
320;50;4
320;2;4
320;71;3
320;66;4
320;24;3
320;17;5
320;27;3
320;56;5
320;51;5
321;30;4
321;50;4
321;8;4
321;56;4
321;14;3
321;20;3
321;45;4
321;61;5
321;48;4
321;64;3
321;9;4
321;7;4
321;60;4
321;32;3
321;19;4
321;52;3
321;59;4
322;32;5
322;50;5
322;12;4
322;1;2
322;64;5
322;23;5
322;48;4
322;33;4
322;9;4
323;9;4
323;7;2
323;22;5
323;15;3
323;56;5
323;11;5
323;23;5
323;50;5
323;64;5
324;9;5
324;14;5
324;50;5
324;1;5
325;47;3
325;2;1
325;1;2
325;50;5
325;28;3
325;23;5
325;16;1
325;58;3
325;32;3
325;71;3
326;22;4
326;69;2
326;50;5
326;54;3
326;67;2
326;48;3
326;38;3
326;8;4
326;64;4
326;44;1
326;72;2
326;33;2
326;1;3
326;4;1
326;53;1
326;9;1
326;56;2
327;50;3
327;14;4
327;32;4
327;25;2
327;64;2
327;13;2
327;9;5
327;1;4
327;55;4
327;10;4
327;2;2
327;22;4
327;8;4
327;4;4
327;70;4
327;12;3
327;69;2
327;72;2
327;11;4
327;23;4
327;65;2
327;26;3
327;7;3
327;31;2
327;48;4
327;44;3
327;56;2
327;47;4
327;28;3
327;24;2
327;33;3
327;66;3
327;42;3
328;9;4
328;43;3
328;10;4
328;4;3
328;55;4
328;31;4
328;22;5
328;7;4
328;11;3
328;28;5
328;62;3
328;70;4
328;12;5
328;44;3
328;29;3
328;8;3
328;65;4
328;73;4
328;58;4
328;64;4
328;69;4
328;23;3
328;50;4
328;72;3
328;51;3
328;71;4
328;56;4
328;38;3
328;54;3
328;68;3
328;46;2
329;12;4
329;7;3
329;11;3
329;39;2
329;50;4
329;8;2
330;11;4
330;51;5
330;8;5
330;44;5
330;50;5
330;38;4
330;58;5
330;72;5
330;47;5
330;71;5
330;22;5
330;66;5
330;73;5
330;70;4
330;67;4
330;63;3
330;28;5
330;31;5
330;69;5
330;1;5
330;15;5
330;21;5
330;64;5
330;25;5
331;7;4
331;47;5
331;69;5
331;64;4
331;58;3
331;59;5
331;11;2
331;32;4
331;22;4
331;31;2
331;8;3
331;1;1
332;44;3
332;7;4
332;22;5
332;5;5
332;53;3
332;54;4
332;8;5
332;12;5
332;11;5
332;70;2
332;1;4
332;56;5
332;38;2
332;73;4
332;9;4
332;31;4
332;41;5
332;64;5
332;50;5
333;66;5
334;52;4
334;4;3
334;8;4
334;59;5
334;72;3
334;7;5
334;69;1
334;22;4
334;70;3
334;61;3
334;28;3
334;50;5
334;13;3
334;68;3
334;58;4
334;12;5
334;42;4
334;20;4
334;23;4
334;9;4
334;19;4
334;56;4
334;73;3
334;29;2
334;71;3
334;44;4
334;11;4
334;38;2
334;14;3
334;10;4
334;47;4
336;66;3
336;13;3
336;49;4
336;67;4
336;41;3
336;33;3
336;63;2
336;4;4
336;56;4
336;70;5
336;42;5
336;15;4
336;26;5
336;3;1
336;1;3
336;25;3
336;50;4
336;72;3
337;15;5
337;50;5
337;25;3
337;67;4
338;56;3
338;1;3
338;52;5
339;55;3
339;47;4
339;30;3
339;58;3
339;12;5
339;73;3
339;32;5
339;42;4
339;67;3
339;28;4
339;11;4
339;65;4
339;25;4
339;23;5
339;1;5
339;56;5
339;45;5
339;69;4
339;29;3
339;5;3
339;22;5
339;4;4
339;50;4
339;64;5
339;7;4
339;9;5
339;53;4
340;1;5
340;71;5
340;50;4
340;66;5
340;15;5
342;25;2
342;56;5
342;58;5
342;4;4
342;32;5
342;13;3
342;23;5
342;15;3
342;28;2
342;26;2
342;8;4
342;68;3
342;7;4
342;47;5
342;3;2
342;11;5
342;9;5
342;12;5
342;42;3
342;57;3
342;14;5
343;55;3
343;44;3
343;47;4
343;20;5
343;12;5
343;25;2
343;8;5
343;38;3
343;48;3
343;62;2
343;69;5
343;52;5
343;11;5
343;66;3
343;23;5
343;42;4
343;1;5
343;63;4
343;58;4
343;57;5
343;3;4
343;68;1
343;4;5
343;50;5
343;65;5
343;10;4
343;67;3
343;7;5
343;56;5
343;26;3
343;9;5
343;28;5
343;53;5
343;13;5
343;64;5
343;72;5
343;22;4
344;39;3
344;25;4
344;58;3
344;45;5
344;5;3
344;12;5
344;9;5
344;73;3
344;7;4
344;70;3
344;8;5
344;14;5
344;1;3
344;71;3
344;4;4
344;11;3
344;13;3
344;26;3
344;22;3
344;50;5
344;19;4
344;69;2
344;64;5
345;48;5
345;49;3
345;33;4
345;1;3
345;26;3
345;64;5
345;51;5
345;15;4
345;25;3
345;13;4
345;71;3
345;11;4
345;43;3
345;56;5
345;28;3
345;70;5
345;50;5
345;44;3
345;66;3
345;69;4
345;4;4
345;9;4
345;14;4
345;65;4
345;5;3
345;38;2
345;54;3
345;12;5
345;58;4
345;40;3
345;42;2
346;62;3
346;4;4
346;33;5
346;17;1
346;72;3
346;31;4
346;53;1
346;22;5
346;29;4
346;7;2
346;12;5
346;50;5
346;38;3
346;56;5
346;2;5
346;54;4
346;11;4
346;55;5
346;67;3
346;64;4
346;3;3
346;68;3
346;58;3
347;22;5
347;69;5
347;65;2
347;12;3
347;7;4
347;55;5
347;56;5
347;73;2
347;25;2
347;68;5
347;70;2
347;1;4
347;17;4
347;31;5
347;50;5
347;28;4
347;24;3
347;15;2
347;11;5
347;4;4
348;1;4
348;15;4
348;7;4
348;25;4
349;9;4
349;20;5
349;10;5
349;15;4
349;25;3
350;1;4
350;50;5
350;23;5
352;55;1
352;4;3
352;7;3
352;50;5
352;12;4
352;17;2
352;56;5
352;39;5
354;61;5
354;70;3
354;47;4
354;58;3
354;57;5
354;52;5
354;7;4
354;20;5
354;66;2
354;14;4
354;32;3
354;9;3
354;25;2
354;59;5
354;50;4
354;60;5
354;42;2
354;19;5
354;13;3
354;65;4
354;8;5
354;45;5
354;10;5
357;7;3
357;1;5
357;10;5
357;24;4
358;59;4
358;8;5
358;65;4
358;45;3
359;24;3
359;1;4
359;7;5
359;50;5
360;14;5
360;28;4
360;13;3
360;10;5
360;23;5
360;45;4
360;1;3
360;50;4
360;64;5
360;25;4
360;56;4
360;69;3
360;15;3
361;26;3
361;14;4
361;12;4
361;66;4
361;59;4
361;60;4
361;53;2
361;56;4
361;23;5
361;49;3
361;55;2
361;70;4
361;28;3
361;47;4
361;50;5
363;71;3
363;55;5
363;2;4
363;62;2
363;66;4
363;5;1
363;9;3
363;37;2
363;44;3
363;11;5
363;68;2
363;70;2
363;72;1
363;58;3
363;7;3
363;29;1
363;54;3
363;32;2
363;1;2
363;56;5
363;22;3
363;50;5
363;69;3
363;38;3
363;67;1
363;4;5
363;47;5
363;65;4
363;73;2
363;12;5
363;24;3
363;17;4
363;8;5
363;39;4
363;25;3
363;28;4
363;42;2
365;15;3
365;7;2
365;13;3
365;25;4
365;1;4
366;7;2
366;56;5
366;53;5
366;17;5
367;17;5
367;56;5
367;53;4
367;7;5
367;50;5
367;5;4
368;50;4
368;17;5
368;56;4
368;11;4
368;5;3
368;7;4
368;53;2
369;50;5
370;56;2
370;42;3
370;12;4
370;22;4
370;64;4
370;50;4
370;31;3
370;52;4
370;57;5
370;14;3
371;24;4
371;55;4
371;42;3
371;50;4
371;64;4
371;22;5
371;69;5
371;1;4
371;31;5
371;73;5
371;66;4
372;12;4
372;23;5
372;56;4
372;5;4
372;44;4
372;53;5
372;7;3
373;2;4
373;25;4
373;68;5
373;58;4
373;28;3
373;20;2
373;15;4
373;31;3
373;48;5
373;64;4
373;66;4
373;4;4
373;71;5
373;70;4
373;24;4
373;22;5
373;50;5
373;12;5
373;69;4
374;9;1
374;7;1
374;29;3
374;28;5
374;1;4
374;71;5
374;24;3
374;56;5
374;70;4
374;69;5
374;64;5
374;5;4
374;48;5
374;66;3
374;2;4
374;11;4
374;68;1
374;50;3
374;12;4
374;15;3
374;23;3
374;38;4
374;17;2
374;39;4
374;4;2
374;54;4
374;55;2
374;27;4
374;25;5
374;31;5
375;44;3
375;39;3
375;5;4
376;14;4
376;11;4
377;56;4
377;7;4
378;63;3
378;8;4
378;52;5
378;65;3
378;4;3
378;73;3
378;66;3
378;54;4
378;29;3
378;10;3
378;48;5
378;9;5
378;50;4
378;12;5
378;49;3
378;62;4
378;7;4
378;68;2
378;15;4
378;11;3
378;21;3
378;22;5
378;70;4
378;28;4
378;5;3
378;53;3
378;42;4
378;2;2
378;31;4
378;43;3
378;59;4
378;1;4
378;58;4
378;13;3
378;14;5
378;40;3
378;47;4
378;44;3
378;55;4
378;67;2
378;71;4
378;56;4
378;64;4
378;69;3
378;51;3
378;38;3
378;25;4
379;69;4
379;8;5
379;50;4
379;54;2
379;2;3
379;4;5
379;23;4
379;52;4
379;9;4
379;12;5
379;62;2
379;64;5
379;1;4
379;56;5
379;63;2
379;47;5
379;7;5
379;28;4
380;62;1
380;59;4
380;22;4
380;69;4
380;64;3
380;1;4
380;31;1
380;58;2
380;71;4
380;28;4
380;61;4
380;38;2
380;7;3
380;12;5
380;60;4
380;9;3
380;50;4
381;50;5
381;13;4
381;30;4
381;49;2
381;20;5
381;16;4
381;15;2
381;14;5
381;59;3
381;1;5
382;25;2
382;9;4
382;56;5
382;14;3
382;7;2
382;50;1
382;23;5
382;59;5
383;14;5
383;19;4
383;9;5
383;58;4
385;4;2
385;56;5
385;48;5
385;42;1
385;29;1
385;24;3
385;8;5
385;18;5
385;50;1
385;32;5
385;58;4
385;46;5
385;37;4
385;12;3
385;53;1
385;47;4
385;59;2
385;61;2
385;55;2
385;2;3
385;30;5
385;23;5
386;50;4
386;7;3
386;24;4
387;56;5
387;58;4
387;32;5
387;31;3
387;46;3
387;71;2
387;48;4
387;52;5
387;2;4
387;69;3
387;39;3
387;55;3
387;24;5
387;4;3
387;64;3
387;50;5
387;61;3
387;47;4
387;20;4
387;8;4
387;23;2
387;13;4
387;22;5
387;27;1
387;62;2
387;10;4
387;33;3
387;68;4
387;11;3
387;7;5
387;29;1
387;28;5
387;42;4
387;1;4
387;53;4
387;12;5
387;25;2
388;56;3
388;5;4
388;9;3
388;1;5
388;53;5
389;28;4
389;38;2
389;53;2
389;29;2
389;71;4
389;4;4
389;47;4
389;64;4
389;50;5
389;8;4
389;69;5
389;23;4
389;40;3
389;25;3
389;58;4
389;65;4
389;66;3
389;56;5
389;72;3
389;59;5
389;42;4
389;67;2
389;15;2
389;1;4
390;1;5
390;13;2
390;9;5
391;56;5
391;26;5
391;15;4
391;47;4
391;12;5
391;64;5
391;31;2
391;60;5
391;8;3
391;69;4
391;61;5
391;71;3
391;58;4
391;11;3
391;59;5
391;22;4
391;48;4
391;9;5
391;50;4
391;23;4
392;23;5
392;8;5
392;59;4
392;58;4
392;50;5
392;11;4
393;15;3
393;62;4
393;12;5
393;31;4
393;2;4
393;71;3
393;49;4
393;50;5
393;25;2
393;67;3
393;55;4
393;27;4
393;38;4
393;41;4
393;54;4
393;36;3
393;21;3
393;70;3
393;48;2
393;3;3
393;69;4
393;56;2
393;64;4
393;29;4
393;28;4
393;26;3
393;72;4
393;40;1
393;4;4
393;24;3
393;68;4
393;22;4
393;65;2
393;5;3
393;73;4
393;42;4
393;51;4
393;7;4
393;11;3
393;17;1
393;58;3
393;66;3
393;33;3
393;1;3
393;9;4
393;8;3
394;67;5
394;42;4
394;72;4
394;39;4
394;50;5
394;31;3
394;56;5
394;7;5
394;4;4
394;38;4
394;1;4
394;63;4
394;28;4
394;73;3
394;68;5
394;22;5
394;24;5
394;69;5
394;29;3
394;12;4
394;62;4
394;33;4
395;64;5
395;15;3
395;50;5
395;1;5
395;21;3
396;1;4
396;25;3
396;9;4
397;7;5
397;56;5
397;22;4
397;23;5
397;50;5
397;8;4
397;65;2
397;58;5
397;14;3
397;12;4
398;69;5
398;12;3
398;50;5
398;15;5
398;70;4
398;31;3
398;64;4
398;58;4
398;65;3
398;4;2
398;63;2
398;49;3
398;28;5
398;2;3
398;73;3
398;47;3
398;13;3
398;66;4
398;25;4
398;56;4
398;72;3
398;71;5
398;8;3
398;1;5
399;8;3
399;73;3
399;33;3
399;71;3
399;62;3
399;22;3
399;2;3
399;42;2
399;67;3
399;41;2
399;12;3
399;38;2
399;48;3
399;69;3
399;58;3
399;43;3
399;53;4
399;50;3
399;63;3
399;64;3
399;26;2
399;56;3
399;68;3
399;31;3
399;72;4
399;5;3
399;15;5
399;55;2
399;57;4
399;66;3
399;9;3
399;39;2
399;24;4
399;28;2
399;1;4
399;54;4
399;11;4
399;29;3
399;47;3
401;26;3
401;50;1
401;70;4
401;65;4
401;13;2
401;71;2
401;9;3
401;1;2
401;64;3
401;14;3
401;69;3
401;11;2
401;25;4
401;44;4
402;16;3
402;7;4
402;48;5
402;32;3
402;25;4
402;50;4
402;10;2
402;42;4
402;12;4
402;19;4
402;13;3
402;1;5
402;9;4
402;15;5
403;7;5
403;9;3
403;1;4
403;50;5
404;22;5
404;66;4
405;56;4
405;11;4
405;72;3
405;62;1
405;30;1
405;28;4
405;53;2
405;31;1
405;40;2
405;49;1
405;50;5
405;66;5
405;67;5
405;2;1
405;41;1
405;70;3
405;73;5
405;39;1
405;51;1
405;68;1
405;22;5
405;5;4
405;63;3
405;52;1
405;58;1
405;57;1
405;55;1
405;48;1
405;23;5
405;37;1
405;8;4
405;12;5
405;45;1
405;61;1
405;64;5
405;42;1
405;29;4
405;43;1
405;71;1
405;38;5
405;60;1
405;32;1
405;33;1
405;47;5
405;44;1
405;4;4
405;36;2
405;65;1
405;59;1
405;26;3
405;54;2
405;27;1
405;35;2
405;46;1
405;69;4
406;48;5
406;14;4
406;58;4
406;12;4
406;40;3
406;50;5
406;24;3
406;22;3
406;69;4
406;7;4
406;30;4
406;25;1
406;42;5
406;28;3
406;63;3
406;3;3
406;71;3
406;4;2
406;20;3
406;72;3
406;13;2
406;64;4
406;52;5
406;5;4
406;8;4
406;53;4
406;39;4
406;1;4
406;11;4
406;47;4
406;15;4
406;32;5
406;10;3
406;23;4
406;73;2
406;70;3
406;57;4
406;56;5
406;9;5
406;26;3
407;50;4
407;68;4
407;62;3
407;56;5
407;69;4
407;2;4
407;4;4
407;1;4
407;29;3
407;28;4
407;25;3
407;40;1
407;70;4
407;8;5
407;72;4
407;45;4
407;67;1
407;71;3
407;73;4
407;7;4
409;65;4
409;50;5
409;48;2
409;6;4
409;59;5
409;22;2
409;8;3
409;9;4
409;12;4
409;60;5
409;28;2
409;58;4
409;30;4
409;23;4
409;14;5
409;61;4
409;45;4
411;22;4
411;38;4
411;50;5
411;28;4
411;4;4
411;73;4
411;58;3
411;56;4
411;9;4
411;1;4
411;8;3
412;28;4
412;4;3
412;70;4
412;7;5
412;56;5
412;64;4
412;23;4
412;24;3
412;1;4
413;7;3
413;9;4
413;15;4
413;50;5
413;14;5
413;25;3
414;11;5
415;56;5
416;69;4
416;43;1
416;56;5
416;49;4
416;32;2
416;41;3
416;51;5
416;71;4
416;64;5
416;54;5
416;22;5
416;10;3
416;53;2
416;55;2
416;11;4
416;21;3
416;14;4
416;25;4
416;13;5
416;67;4
416;12;5
416;70;5
416;58;5
416;9;5
416;1;5
416;50;5
416;7;4
416;29;2
416;36;2
416;24;5
416;73;3
416;44;4
416;31;5
416;27;4
416;28;5
416;42;3
416;66;5
416;65;5
416;2;4
416;8;5
416;38;3
416;15;4
416;72;2
416;4;4
416;17;2
417;3;4
417;42;4
417;12;4
417;67;4
417;64;5
417;32;2
417;47;3
417;29;2
417;11;5
417;23;3
417;7;3
417;70;4
417;56;5
417;20;2
417;16;3
417;39;3
417;72;4
417;68;3
417;65;4
417;1;4
417;73;3
417;27;3
417;58;3
417;50;3
417;15;5
417;69;3
417;13;2
417;24;3
417;62;3
417;51;3
417;63;3
417;44;2
417;5;4
417;55;5
417;17;4
417;4;3
417;49;3
417;40;3
417;25;2
417;66;3
419;14;5
419;50;5
419;28;3
419;1;4
419;69;4
420;19;3
420;14;5
421;7;3
421;11;2
421;56;5
421;4;3
421;12;5
421;50;5
422;1;3
422;50;4
422;15;3
422;53;4
422;5;3
422;7;3
423;15;4
423;9;5
423;10;4
424;25;4
424;9;5
424;14;4
424;50;3
424;15;4
424;1;1
425;39;4
425;38;3
425;56;5
425;53;4
425;7;3
425;32;3
425;68;4
425;22;3
425;17;4
425;55;4
425;24;2
425;1;2
425;62;4
425;2;2
425;12;5
425;5;1
425;64;4
425;11;3
425;50;5
425;27;3
425;4;4
425;33;4
425;70;3
426;50;4
426;23;4
429;73;3
429;64;4
429;45;3
429;26;3
429;32;4
429;24;3
429;56;4
429;15;5
429;31;3
429;12;5
429;47;4
429;55;4
429;48;3
429;3;2
429;62;3
429;58;4
429;69;5
429;2;3
429;22;5
429;53;1
429;1;3
429;68;3
429;23;4
429;52;4
429;4;4
429;21;2
429;70;4
429;66;2
429;50;5
429;7;2
429;63;2
429;28;3
429;72;2
429;8;3
429;65;3
429;39;3
429;25;4
429;42;5
429;11;4
429;71;3
429;44;3
430;10;4
430;9;3
430;12;4
430;56;4
430;50;4
430;42;3
430;19;5
430;64;4
430;7;3
432;50;5
432;24;1
432;3;3
432;7;2
432;1;2
432;15;4
433;50;5
433;60;5
433;59;5
433;12;5
434;9;1
434;7;1
434;15;3
434;1;4
435;4;4
435;52;5
435;63;2
435;50;5
435;73;3
435;40;3
435;11;5
435;5;2
435;62;3
435;49;4
435;27;1
435;54;4
435;38;2
435;21;4
435;72;4
435;42;3
435;23;4
435;12;5
435;67;4
435;24;4
435;9;4
435;68;4
435;15;3
435;31;5
435;3;3
435;69;4
435;29;3
435;7;4
435;45;5
435;64;5
435;1;5
435;25;5
435;71;3
435;28;3
435;22;4
435;58;3
435;44;2
435;56;5
435;33;3
435;2;4
435;39;3
435;17;2
435;53;3
435;55;5
435;10;5
435;8;3
436;73;4
436;66;5
436;39;3
436;21;3
436;47;4
436;26;3
436;38;3
436;65;4
436;23;4
436;43;2
436;72;5
436;50;4
436;11;5
437;14;5
437;5;2
437;50;5
437;65;4
437;69;2
437;58;4
437;42;3
437;12;5
437;11;1
437;70;3
437;47;4
437;51;1
437;56;4
437;28;3
437;30;4
437;71;3
437;13;4
437;26;2
437;52;3
437;15;4
437;23;4
437;8;4
437;66;3
438;15;4
438;50;5
438;9;4
438;21;2
438;1;4
439;14;5
439;13;3
439;7;4
440;70;4
440;57;5
441;25;3
441;9;4
441;15;3
441;1;5
441;7;4
442;31;3
442;54;3
442;14;1
442;39;3
442;41;4
442;38;3
442;29;3
442;22;2
442;44;2
442;26;3
442;42;4
442;12;4
442;53;3
442;56;5
442;17;4
442;67;3
442;27;2
442;33;3
442;7;4
442;11;4
442;64;5
442;62;2
442;55;3
442;68;3
442;69;3
442;2;3
443;12;5
443;39;1
444;50;5
444;9;5
445;12;2
445;50;2
445;64;2
445;23;3
445;28;4
445;55;1
445;9;2
445;7;1
445;56;5
445;1;3
447;70;3
447;69;4
447;68;5
447;9;2
447;7;5
447;5;3
447;1;3
447;65;3
447;17;3
447;31;4
447;27;3
447;11;4
447;28;4
447;56;5
447;55;4
447;13;5
447;15;1
447;12;5
447;25;4
447;50;5
447;22;4
447;24;3
449;15;4
449;9;4
449;61;5
449;59;5
449;60;5
449;14;3
449;70;4
450;58;3
450;38;4
450;64;4
450;2;4
450;39;4
450;29;3
450;15;3
450;65;3
450;49;5
450;70;4
450;7;4
450;12;4
450;1;4
450;60;3
450;10;4
450;13;3
450;56;4
450;54;4
450;66;4
450;35;2
450;4;3
450;26;5
450;71;3
450;51;4
450;67;3
450;73;3
450;28;4
450;3;4
450;50;5
450;23;5
450;43;4
450;33;5
450;44;3
450;47;3
450;61;4
450;11;5
450;59;4
450;69;4
450;63;4
450;22;5
450;25;3
452;25;2
452;61;1
452;27;5
452;69;5
452;14;3
452;60;1
452;8;4
452;64;4
452;48;5
452;62;2
452;73;3
452;66;4
452;22;5
452;7;5
452;52;3
452;45;4
452;58;3
452;70;5
452;23;2
452;50;5
452;15;4
452;71;3
453;73;4
453;7;5
453;42;5
453;33;4
453;11;5
453;17;4
453;68;4
453;59;2
453;50;5
453;69;4
453;3;4
453;53;3
453;12;5
453;24;4
453;9;3
453;49;3
453;22;5
453;48;4
453;4;4
453;56;5
453;55;4
453;67;4
453;25;4
454;51;2
454;11;1
454;50;4
454;56;3
454;70;4
454;1;3
454;12;3
454;58;4
454;28;4
454;73;3
454;69;4
454;22;4
454;15;2
454;55;2
454;66;4
454;48;4
454;8;5
454;71;3
454;64;4
455;56;5
455;20;3
455;2;4
455;70;3
455;47;2
455;31;4
455;25;3
455;57;4
455;24;3
455;42;2
455;65;3
455;4;3
455;58;3
455;1;4
455;39;2
455;71;3
455;40;3
455;9;4
455;64;4
455;69;4
455;17;3
455;12;3
455;7;4
455;14;3
455;53;1
455;8;4
455;44;3
455;50;5
455;28;4
455;15;2
455;52;3
455;22;4
455;11;3
456;22;4
456;3;4
456;1;2
456;68;4
456;12;3
456;57;4
456;50;4
456;69;4
456;61;4
456;54;3
456;60;4
456;42;4
456;13;4
456;71;3
456;9;3
456;53;4
456;23;4
456;46;3
456;32;4
456;4;3
456;56;5
456;33;4
456;59;4
456;14;5
456;72;1
457;58;4
457;45;5
457;53;4
457;12;5
457;4;4
457;48;5
457;57;4
457;66;4
457;54;4
457;20;5
457;64;5
457;15;4
457;31;4
457;44;4
457;38;3
457;56;4
457;8;5
457;52;4
457;22;5
457;50;5
457;59;5
457;11;4
457;27;4
457;70;4
457;65;5
457;14;4
457;9;5
457;7;4
457;62;3
457;51;5
457;28;5
457;25;4
457;13;3
457;69;5
457;47;4
457;1;4
458;48;4
458;50;2
458;13;4
458;12;5
458;9;5
458;8;4
458;57;1
458;32;4
458;14;5
458;58;5
458;23;4
458;20;4
458;28;3
458;25;1
458;1;4
458;56;5
458;21;2
458;52;4
458;64;4
458;69;2
458;7;4
459;3;2
459;1;4
459;8;5
459;22;5
459;15;4
459;19;3
459;7;5
459;16;2
459;25;2
459;50;4
460;10;3
460;20;4
460;14;5
460;7;3
460;1;2
460;19;5
460;9;3
460;13;3
461;50;3
461;9;5
462;22;5
462;11;5
463;24;3
463;21;1
463;10;1
463;3;2
463;14;1
463;15;4
463;13;3
463;50;4
463;7;4
463;20;5
463;25;3
463;1;1
463;16;4
463;19;5
464;16;4
464;50;4
464;12;5
465;50;4
465;28;3
465;64;5
465;12;4
465;22;3
465;32;3
465;1;4
465;56;4
465;7;5
465;8;4
465;48;3
466;2;1
466;27;3
466;24;4
466;62;3
466;56;4
466;22;5
466;11;3
466;68;3
466;55;4
466;50;5
466;17;5
466;4;3
466;7;4
466;33;4
467;50;4
467;7;5
467;1;4
467;10;4
467;24;4
468;39;3
468;69;4
468;31;3
468;51;3
468;71;5
468;4;5
468;23;4
468;13;4
468;8;4
468;19;4
468;15;4
468;56;5
468;70;3
468;22;5
468;25;5
468;58;4
468;42;4
468;7;3
468;1;5
468;47;5
468;12;4
468;50;5
468;65;3
468;24;3
468;5;3
468;55;5
468;44;4
468;64;5
468;9;5
469;10;5
469;64;5
469;65;4
470;19;4
470;50;5
470;1;3
470;7;3
470;13;4
470;9;5
471;1;4
471;8;5
471;50;3
471;71;3
472;11;5
472;27;4
472;71;2
472;3;5
472;49;5
472;1;5
472;38;4
472;4;3
472;72;5
472;66;5
472;73;4
472;56;5
472;7;5
472;68;5
472;21;3
472;12;5
472;41;4
472;28;5
472;69;5
472;51;5
472;29;5
472;63;4
472;43;4
472;64;5
472;2;5
472;33;5
472;24;5
472;67;4
472;22;5
472;50;5
472;62;5
473;10;3
473;7;2
473;25;4
473;9;5
473;14;4
473;20;3
474;8;5
474;68;3
474;52;4
474;48;4
474;61;3
474;72;3
474;11;5
474;42;4
474;71;5
474;7;5
474;73;3
474;15;5
474;12;5
474;69;5
474;70;4
474;60;3
474;14;5
474;45;5
474;50;5
474;26;4
474;44;3
474;23;4
474;64;5
474;22;4
474;13;5
474;58;4
474;66;4
474;4;5
474;25;5
474;55;4
474;28;4
474;9;5
474;59;3
474;47;4
474;31;4
474;56;5
475;70;4
475;50;5
476;72;4
476;33;4
476;63;3
476;42;4
476;67;4
476;26;4
476;4;4
476;56;4
476;73;4
476;66;3
476;47;3
476;70;3
477;15;4
477;25;5
477;36;4
477;49;5
477;20;4
477;66;5
478;50;3
478;48;4
478;17;2
478;23;2
478;41;3
478;28;3
478;42;5
478;72;1
478;65;4
478;69;3
478;26;5
478;7;1
478;1;4
478;40;1
478;12;5
478;11;4
478;68;1
478;64;5
478;71;3
478;15;5
478;32;3
479;28;4
479;55;4
479;71;1
479;54;3
479;50;4
479;58;4
479;1;5
479;70;4
479;24;3
479;31;4
479;66;3
479;8;5
479;22;4
479;32;3
479;15;3
479;62;3
480;8;5
480;64;3
480;12;5
480;50;4
480;56;4
481;66;3
481;42;3
481;4;3
481;50;4
481;70;5
481;8;3
482;50;4
483;12;2
483;20;2
483;1;4
483;50;5
483;68;1
483;9;2
484;70;5
484;25;3
484;53;1
484;1;5
484;69;5
484;56;5
484;50;5
484;15;5
484;9;1
484;73;4
484;51;4
484;24;1
484;7;4
484;71;2
484;29;3
484;28;5
484;2;4
484;22;5
484;4;4
484;14;4
484;38;4
486;15;3
486;6;4
486;3;2
486;7;5
486;13;4
486;14;5
486;20;3
486;10;4
486;1;4
486;21;3
486;16;3
486;9;5
486;25;4
486;50;5
487;56;4
487;43;3
487;12;5
487;45;5
487;69;4
487;73;3
487;4;4
487;68;5
487;38;2
487;3;5
487;28;4
487;17;3
487;42;3
487;49;4
487;1;5
487;31;5
487;2;3
487;55;5
487;25;1
487;50;4
487;58;5
487;71;3
487;66;5
487;48;2
487;53;2
487;64;5
487;67;3
487;24;4
487;27;5
487;70;3
487;22;5
487;11;5
487;62;3
488;33;2
488;58;3
488;70;3
488;28;4
488;9;4
488;8;3
488;22;4
488;11;1
488;64;5
488;50;4
488;69;4
488;1;3
488;15;4
488;31;4
488;56;4
488;71;3
490;1;3
490;9;4
490;15;1
490;7;3
490;50;5
490;24;4
491;45;5
491;19;4
491;7;3
491;23;2
491;12;5
491;14;2
492;64;4
492;69;3
492;56;5
492;45;3
493;69;5
493;61;4
493;11;3
493;50;5
493;56;4
493;59;5
493;7;3
493;48;4
493;65;4
493;12;3
493;22;5
493;60;2
493;71;5
493;1;3
493;24;4
493;25;4
494;64;5
494;1;3
494;50;5
494;9;2
494;15;5
494;65;5
495;71;5
495;56;5
495;68;5
495;44;3
495;29;2
495;53;1
495;62;3
495;69;3
495;50;5
495;2;2
495;54;5
495;64;5
495;11;5
495;4;3
495;67;3
495;55;2
495;9;5
495;1;4
496;64;3
496;38;2
496;42;5
496;11;4
496;39;5
496;17;3
496;7;4
496;33;4
496;50;5
496;53;3
496;56;5
496;10;5
496;28;2
496;22;4
496;68;4
497;31;3
497;56;4
497;71;4
497;54;3
497;13;2
497;3;4
497;38;3
497;67;3
497;39;3
497;25;4
497;2;1
497;72;3
497;19;4
497;24;4
497;28;3
497;66;3
497;11;3
497;70;4
497;1;4
497;12;4
497;4;3
497;62;4
497;49;3
497;7;3
497;22;5
497;29;4
497;53;3
497;68;4
497;33;4
497;55;3
497;63;3
497;42;4
497;73;3
497;50;5
498;54;2
498;11;3
498;32;4
498;12;4
498;23;4
498;50;4
498;59;4
498;61;4
498;56;3
498;53;4
498;10;5
498;9;2
498;14;4
498;64;4
498;7;3
499;11;3
499;8;5
499;69;5
499;50;3
499;12;5
499;7;4
499;55;4
499;56;4
500;58;3
500;30;4
500;1;4
500;56;5
500;3;4
500;28;3
500;70;4
500;42;5
500;39;4
500;43;3
500;61;4
500;44;1
500;62;3
500;45;4
500;25;3
500;15;2
500;72;4
500;59;4
500;50;3
500;8;4
500;9;4
500;69;4
500;60;5
500;31;4
500;16;4
500;7;5
500;10;3
500;49;4
500;13;5
501;25;3
501;7;4
501;24;3
501;13;4
503;69;4
503;54;2
503;20;5
503;45;5
503;38;3
503;50;5
503;19;5
503;10;5
503;70;4
503;26;2
503;14;3
503;12;3
503;47;5
503;25;4
503;1;5
503;13;3
503;58;4
503;66;3
503;44;5
503;8;5
504;66;4
504;72;4
504;28;4
504;25;4
504;71;5
504;50;3
504;63;3
504;51;4
504;54;4
504;68;5
504;38;4
504;56;3
504;58;3
504;5;4
504;69;4
504;4;4
504;65;4
504;70;3
504;53;4
504;40;4
504;44;4
504;9;4
504;67;2
505;54;3
505;66;4
505;56;1
505;7;3
505;1;3
505;50;3
505;22;5
505;31;4
505;71;4
505;73;4
505;69;3
505;11;4
506;72;3
506;50;5
506;70;4
506;53;4
506;56;4
506;28;4
506;54;4
506;33;3
506;58;4
506;38;3
506;47;4
506;73;4
506;55;4
506;66;4
506;68;4
506;67;3
506;62;3
506;69;5
506;42;3
506;29;2
506;46;3
506;10;2
506;8;5
506;44;4
506;71;5
506;2;4
506;31;4
506;48;2
506;63;4
506;12;5
506;5;4
507;50;5
508;69;3
508;13;4
508;73;3
508;1;5
508;23;4
508;70;4
508;52;4
508;47;3
508;50;5
509;50;5
512;23;4
512;1;4
512;11;5
512;56;5
512;50;5
513;50;5
514;15;4
514;47;4
514;4;4
514;1;5
514;11;4
514;45;4
514;42;5
514;58;4
514;69;4
514;14;3
514;70;5
514;65;3
514;73;4
514;28;5
514;19;4
514;26;3
514;7;5
514;48;4
514;10;4
514;31;4
514;64;4
514;13;3
514;25;4
514;50;5
514;49;2
514;22;4
514;12;5
514;24;3
514;68;4
516;50;5
517;50;5
517;1;3
517;25;2
518;25;5
518;14;3
518;7;3
518;13;4
518;9;3
518;10;3
518;1;4
520;25;4
521;69;3
521;72;3
521;73;3
521;33;4
521;11;4
521;50;4
521;22;4
521;56;4
521;28;3
521;25;2
521;7;3
521;8;3
521;31;3
521;13;2
521;2;3
521;17;1
521;12;5
521;23;3
521;1;2
521;68;4
521;42;5
522;12;5
522;23;5
522;11;4
522;48;4
523;3;4
523;50;5
523;9;4
523;66;4
523;8;5
523;72;4
523;25;4
523;1;5
523;70;5
523;14;5
523;67;4
523;42;3
523;56;3
524;66;3
524;42;3
524;31;4
524;24;3
524;29;3
524;44;4
524;52;4
524;55;2
524;65;4
524;72;4
524;71;3
524;47;2
524;32;4
524;50;4
524;7;2
524;70;4
524;14;5
524;39;5
524;4;4
524;12;3
524;22;3
524;23;5
524;69;4
524;64;2
524;6;5
524;13;4
524;56;4
524;58;4
524;60;5
525;1;4
525;25;5
525;15;4
525;14;3
525;7;3
526;7;4
526;1;5
526;50;5
527;28;3
527;64;3
527;56;4
527;50;4
527;22;5
527;59;5
527;19;3
527;60;4
527;7;5
527;4;2
527;14;2
527;70;4
527;11;4
527;69;4
527;12;4
527;23;5
527;9;5
528;58;5
528;50;5
528;56;3
528;69;3
528;31;5
530;50;4
530;70;4
530;56;3
530;60;5
530;64;5
532;58;4
532;70;4
532;66;5
532;38;3
532;11;5
532;51;5
532;9;5
532;26;3
532;1;5
532;29;3
532;44;5
532;72;3
532;24;5
532;52;4
532;4;5
532;7;5
532;22;5
532;12;5
532;8;5
532;2;5
533;50;5
533;69;4
533;26;3
533;4;3
533;19;3
533;47;1
533;54;4
533;65;4
533;9;4
533;25;4
533;14;3
533;10;2
533;1;4
533;21;3
533;23;3
533;58;4
533;72;2
533;12;4
533;20;5
533;22;4
533;15;4
533;31;3
533;43;4
533;13;3
533;71;4
533;66;4
533;48;4
533;38;2
533;53;1
533;64;5
533;28;4
533;44;4
533;70;4
533;56;3
533;8;3
534;24;5
534;1;5
534;3;4
534;15;4
534;21;4
534;7;4
534;25;5
535;1;3
535;8;4
535;39;4
535;70;4
535;22;3
535;42;3
535;59;3
535;4;3
535;58;5
535;11;4
535;44;4
535;52;4
535;56;3
535;61;3
535;71;4
535;60;5
535;14;3
535;9;5
535;16;4
535;45;3
535;64;5
535;30;4
535;47;5
535;25;4
535;32;3
535;50;5
535;7;5
536;2;4
536;70;2
536;69;5
536;50;5
536;21;3
536;31;3
536;49;3
536;63;4
536;54;2
536;52;3
536;56;3
536;71;5
536;62;4
536;8;5
536;10;4
536;28;5
536;1;5
536;73;4
536;22;5
537;28;3
537;46;3
537;70;4
537;3;2
537;58;4
537;7;4
537;11;3
537;13;4
537;60;3
537;22;2
537;53;2
537;44;3
537;23;4
537;65;3
537;64;3
537;4;2
537;47;4
537;6;2
537;32;3
537;42;3
537;24;1
537;50;4
537;59;3
537;10;4
537;20;3
537;14;4
537;26;3
537;52;3
537;48;4
537;15;3
537;61;4
537;72;1
537;39;2
537;30;3
537;1;2
537;56;5
537;19;4
537;12;3
537;45;3
537;69;2
537;25;2
538;69;5
538;56;4
538;31;3
538;11;4
538;42;1
538;28;3
538;12;4
538;22;5
538;4;3
538;58;4
538;50;5
539;19;5
539;50;3
539;58;3
539;22;3
539;45;4
539;69;5
539;59;5
539;56;2
540;7;4
540;50;5
540;1;3
540;20;4
540;9;5
540;15;3
540;13;4
540;25;4
541;28;4
541;1;4
541;15;3
541;8;5
541;62;4
541;50;5
541;71;5
541;38;3
541;66;4
541;63;3
541;73;4
541;29;2
542;8;3
542;69;4
542;56;5
542;28;4
542;63;3
542;58;4
542;73;3
542;23;5
542;47;5
542;70;4
542;13;4
542;15;2
542;41;4
542;11;2
542;71;3
542;42;3
542;12;4
542;1;4
542;64;4
542;22;3
542;48;5
542;50;4
542;72;3
543;15;3
543;53;3
543;28;4
543;71;4
543;44;3
543;4;4
543;8;4
543;24;3
543;38;3
543;56;5
543;70;4
543;16;3
543;11;3
543;12;5
543;29;2
543;22;3
543;13;3
543;2;3
543;61;4
543;62;3
543;23;4
543;60;5
543;69;4
543;59;4
543;9;4
543;66;3
543;47;3
543;14;4
543;64;4
545;73;4
545;25;2
545;54;4
545;22;3
545;68;4
545;69;4
545;55;3
545;71;5
545;1;5
545;17;3
545;29;3
545;31;4
545;28;4
545;67;1
545;50;5
545;62;5
546;17;4
546;56;5
546;7;5
546;53;5
546;50;5
546;5;5
548;31;5
548;7;5
548;12;5
548;23;5
548;14;1
548;39;5
548;3;1
548;13;1
548;56;5
548;17;3
548;55;5
548;50;5
548;15;2
548;9;1
548;1;4
548;25;2
549;50;5
549;1;5
549;24;3
550;50;5
550;1;3
550;15;5
551;13;1
551;31;4
551;22;5
551;50;2
551;15;5
551;62;5
551;43;2
551;25;1
551;2;2
551;42;5
551;56;5
551;12;4
551;38;1
551;3;5
551;5;4
551;70;4
551;24;5
551;11;5
551;55;5
551;44;4
551;68;2
551;72;5
551;66;2
551;73;2
551;28;4
551;26;4
551;71;4
551;7;5
551;69;4
551;34;4
551;40;1
551;67;5
551;64;5
551;9;5
551;54;3
551;33;5
551;17;5
551;51;5
551;49;3
551;4;2
551;58;5
552;13;3
552;14;4
552;15;3
552;7;3
552;50;4
552;25;3
552;1;3
553;22;5
553;8;3
553;23;5
553;56;4
553;45;4
553;1;3
553;50;4
554;28;4
554;8;4
554;69;5
554;67;3
554;9;4
554;43;3
554;14;4
554;11;4
554;58;4
554;66;3
554;21;1
554;71;4
554;1;3
554;13;2
554;31;4
554;22;4
554;4;2
554;15;4
554;50;4
554;7;3
554;70;4
554;56;4
554;68;2
555;7;4
555;21;4
555;25;4
555;50;5
555;47;2
555;13;5
556;48;5
556;64;5
556;12;5
557;8;5
557;58;4
557;50;4
557;12;5
558;19;5
558;14;4
558;20;5
558;15;3
558;9;4
559;73;4
559;4;4
559;69;5
559;55;4
559;12;3
559;70;3
559;22;1
559;56;3
560;7;3
560;13;3
560;25;3
560;1;4
560;12;5
560;24;2
560;58;3
560;22;2
560;50;5
560;11;4
561;51;3
561;23;5
561;7;5
561;53;3
561;15;3
561;19;3
561;1;2
561;62;3
561;64;3
561;65;3
561;42;3
561;13;3
561;32;4
561;45;3
561;14;3
561;8;3
561;52;4
561;47;4
561;12;5
561;10;3
561;58;3
561;48;4
561;46;4
561;2;3
561;22;3
561;67;1
561;28;2
561;31;2
561;56;5
561;71;2
561;50;3
561;70;4
561;3;3
561;4;3
561;72;2
561;40;2
561;24;3
561;11;4
561;25;2
561;69;1
561;55;4
561;9;4
561;17;2
561;49;2
562;56;1
562;66;1
562;5;4
562;1;2
562;73;4
562;4;1
562;50;5
563;50;5
563;70;4
564;50;4
565;52;5
565;10;5
565;70;5
565;30;5
566;33;2
566;8;4
566;71;2
566;7;4
566;15;3
566;25;2
566;12;4
566;54;3
566;31;3
566;70;4
566;2;5
566;69;4
566;11;3
566;20;4
566;49;2
566;64;5
566;22;3
566;56;4
566;50;2
566;23;4
567;7;4
567;1;3
567;60;5
567;9;4
567;47;4
567;12;4
567;32;5
567;23;4
567;50;1
567;39;3
567;59;5
567;56;4
567;10;4
568;59;1
568;6;3
568;56;4
568;30;4
569;1;4
569;3;1
569;25;4
569;50;5
569;9;5
569;16;3
569;15;4
569;19;5
569;13;3
569;7;4
569;14;4
571;64;4
571;47;3
571;45;4
571;69;2
571;32;2
572;13;4
572;9;5
572;14;4
573;69;4
573;10;4
573;50;4
573;22;4
575;50;2
576;9;3
576;70;5
576;56;3
576;15;4
576;50;4
576;1;4
576;7;5
577;15;3
577;38;2
577;40;4
577;12;4
577;11;2
577;58;4
577;4;4
577;25;4
577;44;3
577;56;3
577;63;4
577;1;5
577;69;4
577;8;4
577;71;5
577;65;5
577;28;5
577;55;3
577;29;3
577;31;4
577;54;4
577;64;5
577;7;2
577;62;3
577;48;5
577;49;4
577;50;4
577;22;5
577;68;4
577;5;4
579;1;4
579;49;3
579;56;3
579;65;3
579;66;4
579;69;2
579;7;3
579;70;3
579;50;5
579;4;2
579;25;4
580;7;3
580;15;3
580;1;3
580;50;5
580;25;3
580;3;5
581;50;4
581;9;5
581;7;4
582;7;5
582;3;3
582;50;5
582;15;3
582;1;4
582;25;3
583;12;5
583;7;5
583;55;4
584;40;4
584;25;3
584;50;4
585;45;5
585;70;5
585;61;4
585;10;3
585;59;4
585;19;3
585;18;2
585;52;3
585;20;4
585;60;4
585;14;4
585;30;4
586;39;4
586;28;3
586;33;5
586;31;4
586;27;3
586;29;5
586;11;3
586;51;4
586;23;2
586;69;4
586;54;3
586;22;3
586;3;5
586;50;4
586;17;5
586;53;5
586;44;3
586;72;2
586;56;5
586;67;5
586;68;4
588;31;3
588;71;4
588;40;4
588;73;3
588;25;4
588;15;5
588;72;4
588;69;2
588;1;4
588;42;5
588;28;5
588;62;2
588;51;4
588;68;5
588;63;5
588;8;5
588;24;2
588;29;3
588;12;5
588;66;3
588;67;1
588;22;5
588;21;5
588;50;5
588;56;4
588;7;3
590;15;3
590;14;5
590;9;3
590;13;4
590;6;5
590;19;5
591;56;4
591;72;3
591;48;4
591;47;3
591;25;4
591;13;4
591;45;5
591;64;5
591;70;4
591;66;2
591;4;4
591;8;3
591;26;3
592;50;5
592;20;4
592;42;5
592;56;5
592;1;4
592;61;4
592;32;5
592;28;4
592;59;4
592;64;5
592;11;5
592;14;5
592;4;4
592;12;5
592;8;5
592;48;5
592;60;4
592;23;5
592;69;5
592;55;4
592;71;4
592;15;5
592;58;5
592;70;4
592;22;5
592;9;5
592;47;5
592;24;4
592;7;5
592;3;4
592;13;5
593;5;4
593;65;3
593;70;5
593;66;5
593;71;4
593;9;3
593;69;5
593;4;4
593;15;4
593;26;4
593;50;4
593;56;5
593;11;4
593;25;3
593;51;3
593;8;3
593;49;3
593;73;2
593;40;1
593;58;4
593;1;3
594;14;4
594;50;3
594;15;4
594;19;3
595;15;4
595;9;4
595;14;5
595;3;4
595;50;5
596;13;2
596;50;5
597;15;5
597;50;5
597;24;3
597;1;3
598;22;5
599;1;4
600;2;3
600;38;3
600;27;3
600;50;4
600;11;5
600;62;4
600;22;5
600;29;2
600;56;5
600;4;4
600;53;4
601;39;1
601;21;3
601;71;1
601;58;1
601;12;3
601;47;3
601;64;4
601;22;4
601;69;3
601;56;3
601;8;3
601;50;5
601;65;4
601;15;1
601;9;4
602;50;5
602;9;4
602;1;4
603;21;3
603;11;5
603;12;5
603;62;2
603;22;4
603;50;5
603;7;5
603;56;4
604;5;2
604;48;5
604;56;2
604;7;4
605;15;5
605;9;4
605;22;4
605;14;5
605;69;5
605;70;3
605;12;4
605;1;4
605;64;5
606;15;5
606;11;5
606;64;5
606;33;4
606;22;5
606;7;4
606;31;4
606;28;4
606;68;5
606;42;3
606;56;5
606;71;5
606;25;5
606;69;4
606;48;4
606;12;2
606;24;5
606;3;5
606;55;4
606;50;5
606;8;2
606;38;4
606;1;5
606;63;3
606;58;3
607;45;4
607;30;4
607;19;3
607;56;5
608;65;5
608;9;4
608;69;4
608;58;2
608;4;3
608;50;1
608;16;2
608;25;4
608;61;5
608;44;4
608;28;4
608;8;2
608;64;4
608;56;5
608;11;5
608;70;4
608;22;4
608;23;5
608;59;5
608;42;5
609;1;1
609;15;5
610;11;4
610;12;5
610;56;3
610;7;2
610;28;4
610;50;4
610;1;4
610;8;4
610;9;3
610;70;4
610;51;5
610;71;4
610;66;3
612;9;3
612;15;4
612;1;4
612;7;3
612;25;3
613;64;5
613;28;3
613;1;4
613;50;5
613;12;5
614;25;1
614;9;4
614;1;5
614;14;3
614;7;2
615;69;4
615;22;4
615;23;5
615;13;4
615;26;4
615;48;5
615;70;4
615;28;4
615;14;5
615;72;2
617;7;3
617;53;1
617;56;1
617;17;1
618;28;4
618;2;2
618;12;4
618;50;5
618;9;3
618;71;4
618;66;4
618;4;2
618;44;4
618;11;4
618;22;4
618;68;3
618;70;3
618;1;4
618;69;4
618;23;5
618;65;3
618;54;3
618;52;3
618;64;4
618;62;2
618;25;2
618;7;4
618;8;3
618;73;3
618;56;4
618;24;2
618;55;2
618;33;2
618;31;4
618;49;3
618;15;3
619;39;2
619;62;1
619;50;4
619;55;1
619;22;5
619;29;1
619;17;1
619;53;2
619;27;4
619;33;3
619;11;2
619;68;3
619;56;3
620;71;5
620;35;3
620;1;5
620;8;3
620;15;5
620;63;5
620;28;4
620;50;4
620;7;4
621;33;4
621;72;2
621;4;4
621;67;4
621;17;4
621;63;1
621;41;4
621;71;3
621;53;4
621;24;4
621;28;4
621;1;3
621;7;4
621;65;3
621;68;4
621;50;5
621;2;3
621;25;4
621;55;5
621;40;3
621;3;5
621;62;4
621;8;5
621;73;5
621;38;3
622;2;4
622;12;5
622;11;4
622;30;4
622;72;3
622;66;3
622;15;4
622;1;3
622;56;5
622;50;5
622;47;3
622;46;4
622;31;3
622;64;5
622;67;1
622;28;3
622;41;3
622;70;3
622;49;3
622;8;4
622;29;4
622;22;4
622;24;4
622;4;4
622;9;4
622;69;4
622;7;5
622;3;1
622;62;4
623;50;5
623;66;4
623;15;4
623;70;4
624;50;5
624;7;4
624;14;5
624;24;3
624;15;4
624;1;4
624;25;4
624;3;3
625;23;4
625;4;4
625;22;3
625;25;2
625;50;5
625;70;3
627;26;3
627;69;3
627;4;2
627;11;4
627;39;4
627;58;5
627;55;4
627;27;3
627;62;4
627;70;4
627;51;5
627;12;4
627;47;2
627;68;4
627;2;3
627;33;1
627;22;5
627;7;5
627;28;3
627;52;3
627;9;4
627;53;4
627;56;2
627;17;2
627;23;4
627;64;5
628;8;2
629;58;4
629;9;4
629;11;2
629;7;2
629;50;5
629;64;5
629;15;5
629;22;5
629;4;3
629;12;5
629;55;4
629;23;5
629;69;5
629;42;2
629;56;5
629;39;2
630;25;2
630;12;4
630;71;3
630;70;2
630;50;3
630;31;2
630;7;4
630;69;3
630;1;4
630;11;5
630;15;3
630;9;2
630;22;3
630;64;5
632;71;4
632;25;1
632;28;3
632;58;3
632;68;1
632;17;3
632;56;3
632;1;3
632;50;5
632;11;4
632;55;2
632;64;5
632;73;3
632;54;3
632;69;4
632;7;3
632;2;4
632;22;4
632;12;5
632;51;4
633;28;4
633;5;3
633;56;2
633;50;4
633;45;3
633;71;3
634;14;3
634;7;4
634;21;2
634;50;4
634;13;4
634;1;3
634;9;5
634;15;4
634;25;4
635;13;2
635;1;4
635;15;3
636;1;3
636;9;3
636;10;5
636;15;5
636;25;5
637;50;4
637;1;4
637;24;2
637;7;1
637;25;4
637;9;1
637;13;1
637;15;4
638;50;4
638;62;3
638;22;5
638;4;4
638;29;2
639;58;3
639;51;2
639;70;3
639;66;3
639;59;3
639;57;3
639;12;3
639;52;3
639;48;4
639;28;4
639;14;5
639;60;3
639;61;3
639;19;4
640;11;4
640;53;4
640;38;4
640;12;5
640;4;4
640;64;5
640;56;5
640;14;4
640;68;4
640;66;4
640;22;4
640;70;4
640;47;4
640;55;5
640;42;5
640;62;3
640;33;3
640;2;4
641;59;4
641;50;3
641;64;4
641;30;4
641;23;5
642;70;2
642;38;4
642;50;5
642;72;4
642;53;2
642;65;4
642;22;4
642;44;3
642;63;3
642;68;3
642;15;5
642;71;5
642;29;5
642;1;5
642;56;4
642;8;5
642;49;4
642;41;3
642;66;5
642;13;4
642;67;4
642;2;4
642;35;2
642;28;5
642;51;5
642;54;4
642;21;5
642;4;3
642;40;4
642;64;5
642;58;3
642;69;5
642;73;4
643;56;5
643;70;3
643;53;4
643;24;4
643;69;3
643;49;3
643;1;5
643;23;5
643;66;3
643;32;4
643;12;5
643;50;4
643;65;4
643;28;4
643;42;4
643;33;3
643;72;4
643;29;2
643;68;3
643;2;3
643;67;4
643;7;4
643;55;4
643;11;4
643;58;4
643;4;4
643;47;4
643;5;3
643;39;4
644;50;4
645;69;4
645;55;3
645;59;5
645;70;4
645;28;4
645;4;4
645;73;3
645;11;4
645;65;4
645;32;5
645;22;4
645;47;4
645;61;5
645;60;5
645;64;3
645;72;3
645;30;4
645;50;4
645;23;5
645;56;3
645;48;4
645;46;5
645;39;3
647;72;4
647;22;5
647;70;3
647;15;4
647;71;4
647;73;5
647;29;4
648;69;1
648;33;1
648;28;5
648;5;4
648;68;1
648;4;1
648;56;1
648;24;3
648;70;2
648;67;4
648;71;3
648;49;2
648;66;5
648;17;2
648;1;5
648;40;4
648;15;1
648;9;1
648;22;4
648;13;3
648;25;2
648;23;3
648;14;2
648;29;2
648;2;4
648;62;5
648;7;3
648;72;4
648;21;3
648;38;5
648;63;4
648;47;2
648;39;3
648;50;5
649;1;5
649;15;4
649;24;4
649;50;4
650;50;5
650;7;4
650;66;3
650;55;4
650;4;3
650;63;2
650;72;2
650;69;2
650;1;3
650;22;3
650;54;2
650;15;3
650;38;3
650;21;2
650;56;3
650;29;2
650;73;3
650;25;3
650;71;3
650;2;3
650;68;3
650;62;3
650;23;3
650;27;3
653;50;5
653;7;2
653;22;5
653;2;1
653;64;4
653;55;3
653;11;2
653;70;2
653;53;2
653;56;5
653;4;3
653;28;4
653;62;3
653;15;3
653;63;2
653;69;4
653;54;3
653;38;3
653;1;4
653;42;2
654;4;4
654;66;4
654;69;4
654;50;5
654;56;4
654;22;5
654;13;1
654;28;5
654;71;3
654;54;3
654;1;4
654;8;5
654;11;4
654;3;3
654;70;4
654;25;1
654;24;4
654;14;2
654;12;5
654;15;3
655;53;2
655;66;2
655;52;3
655;14;3
655;58;3
655;51;2
655;27;3
655;36;2
655;32;4
655;25;3
655;20;3
655;38;2
655;60;3
655;42;3
655;70;2
655;64;4
655;44;2
655;19;2
655;50;4
655;24;3
655;48;4
655;1;2
655;26;3
655;65;2
655;55;2
655;49;1
655;46;4
655;8;3
655;28;3
655;9;3
655;5;2
655;11;2
655;18;3
655;2;3
655;23;3
655;47;3
655;6;4
655;31;3
655;12;3
655;56;3
655;7;3
655;13;3
655;43;3
655;15;3
655;30;5
655;59;4
655;61;3
655;22;2
655;57;3
655;54;2
655;45;3
655;4;2
655;21;2
655;69;3
657;1;3
657;9;4
657;7;3
658;8;5
658;1;4
658;31;3
658;70;3
658;45;5
658;56;5
658;32;3
658;9;4
658;50;4
658;7;4
658;42;4
658;24;3
658;69;4
658;55;4
658;22;4
659;66;4
659;23;5
659;7;3
659;50;3
659;58;4
659;4;3
659;49;3
659;13;4
659;69;3
659;62;4
659;70;4
659;43;4
659;56;5
659;64;4
659;73;4
660;17;1
660;63;2
660;7;3
660;24;3
660;2;2
660;21;3
660;71;2
660;50;4
660;67;1
660;56;1
660;22;4
660;68;4
660;33;2
660;64;3
660;62;2
660;38;2
660;29;2
660;41;1
660;3;1
660;1;3
660;40;2
660;72;3
660;8;2
660;47;2
661;52;4
661;48;4
661;69;4
661;28;5
661;70;4
661;71;4
661;8;5
661;64;4
661;1;5
661;31;3
661;58;4
661;50;5
662;50;3
662;6;5
662;10;4
662;13;4
663;7;4
663;11;5
663;47;4
663;23;4
663;25;4
663;50;5
663;31;4
663;69;4
663;1;4
663;15;4
663;56;5
663;9;2
663;12;5
663;3;4
663;42;5
663;64;5
663;13;3
664;73;2
664;7;3
664;64;4
664;70;3
664;47;4
664;52;5
664;45;4
664;12;5
664;71;4
664;22;2
664;50;5
664;56;4
664;14;4
664;57;4
664;53;3
664;31;4
664;1;4
664;4;4
664;69;3
664;54;3
664;58;4
665;65;4
665;7;4
665;24;3
665;15;4
665;71;4
665;31;3
665;9;4
665;12;4
665;50;4
665;69;5
665;1;4
665;56;5
665;33;2
666;56;4
666;4;5
666;25;3
666;5;2
666;31;3
666;11;4
666;13;4
666;32;4
666;28;3
666;70;4
666;26;3
666;46;4
666;48;4
666;7;4
666;64;4
666;66;4
666;23;4
666;69;3
666;50;3
666;12;4
667;23;3
667;69;3
667;28;5
667;9;5
668;29;3
668;50;5
668;69;1
668;13;4
669;23;4
669;12;5
669;50;5
669;1;5
669;22;3
669;64;4
669;7;3
669;56;2
670;15;4
670;8;4
671;23;4
671;53;3
671;29;3
671;54;3
671;33;5
671;5;2
671;4;5
671;12;5
671;31;2
671;27;3
671;68;3
671;56;1
671;22;4
671;50;5
671;17;4
671;62;5
671;11;4
671;66;5
671;38;5
671;2;4
671;7;5
671;55;3
672;50;3
672;25;5
672;15;3
673;12;4
674;25;4
674;50;4
674;1;4
674;15;4
676;50;5
676;1;5
676;13;1
676;64;5
676;22;5
676;9;2
677;1;4
677;14;1
677;7;4
678;7;4
678;50;4
678;25;2
678;1;5
678;15;3
678;14;3
679;64;4
679;73;4
679;8;2
679;69;4
679;56;4
679;70;4
679;28;5
679;63;3
679;1;3
679;50;5
679;42;4
680;20;4
680;9;4
680;15;3
680;25;4
680;14;5
680;50;5
680;7;5
680;1;4
680;24;4
682;68;5
682;50;5
682;69;4
682;51;5
682;70;4
682;29;2
682;9;3
682;3;3
682;15;4
682;41;3
682;66;3
682;38;3
682;11;4
682;53;2
682;21;4
682;7;4
682;31;3
682;64;5
682;4;3
682;12;5
682;17;3
682;56;4
682;47;1
682;72;3
682;58;3
682;67;4
682;25;4
682;26;3
682;22;5
682;55;4
682;5;3
682;2;3
682;39;4
682;28;3
682;49;3
682;23;4
682;48;4
682;27;3
682;42;5
682;24;4
682;54;4
682;62;3
682;65;3
682;33;4
682;8;3
682;73;5
682;1;4
682;71;5
683;56;5
683;62;4
683;22;4
684;64;4
684;38;3
684;48;4
684;70;4
684;1;4
684;49;4
684;67;3
684;66;4
684;8;5
684;15;5
684;50;4
684;63;4
684;73;4
686;28;4
686;64;5
686;12;5
686;48;5
686;56;5
686;11;4
686;2;3
686;50;4
686;22;5
686;23;5
686;26;5
689;7;5
689;15;5
689;50;5
689;13;1
689;1;3
690;25;3
690;67;4
690;64;5
690;12;4
690;51;3
690;8;4
690;4;3
690;9;3
690;70;2
690;73;2
690;56;4
690;66;3
690;1;4
690;63;3
690;53;2
690;69;5
690;72;2
690;47;1
691;1;5
691;56;4
691;8;2
691;50;4
691;64;5
692;56;3
692;25;4
692;66;2
692;1;4
693;39;3
693;53;4
693;23;4
693;25;4
693;69;3
693;11;4
693;64;3
693;7;4
693;12;4
693;48;5
693;56;4
693;28;2
693;9;3
693;58;3
693;50;3
694;9;5
694;50;5
694;48;4
694;22;5
694;31;4
694;23;3
694;52;4
694;69;5
694;71;4
694;72;4
694;28;4
694;15;4
696;9;5
697;1;5
697;25;3
697;50;5
697;7;5
697;9;4
698;50;5
698;25;2
698;1;4
698;9;3
698;10;4
698;28;2
698;22;1
698;66;3
699;1;3
699;16;3
699;24;3
699;13;4
699;23;4
699;14;3
699;21;3
699;50;3
699;9;2
699;15;1
699;10;4
699;7;2
699;20;4
699;19;4
699;3;3
699;70;4
700;50;5
700;28;3
700;73;3
700;48;4
700;56;3
701;50;5
701;19;5
701;1;4
703;7;4
703;50;5
703;9;2
703;25;3
703;1;4
703;15;5
704;50;5
704;22;2
704;69;3
704;14;3
704;58;3
705;58;2
705;50;4
705;8;3
705;64;5
705;1;5
705;2;3
705;38;5
705;28;4
705;22;5
705;29;5
705;62;5
705;69;3
705;71;5
705;15;3
706;50;5
706;1;4
706;25;4
706;7;3
706;9;3
706;24;3
707;14;3
707;45;4
707;12;3
707;65;4
707;8;5
707;58;3
707;64;3
707;4;3
707;6;3
707;15;4
707;13;4
707;57;4
707;10;5
707;70;3
707;9;5
707;26;3
707;52;3
